name,kind,file,line,inbuild,sorry,refs,class,stmt
axiom1_brst_measure,axiom,Phase1/YangMills/AXIOM3_Compose.lean,45,False,False,5,PARKED,": True axiom axiom2_gribov_cancellation : True /-- BFS expansion converges in strong coupling (β < β_c), equals YM Z, and has cluster decomposition. -/ axiom axiom3_bfs_convergence (M : Manifold4D) (N : Nat) (P : PrincipalBundle M N) (β : Real) (hβ : β < β_c) : let Z_BFS"
axiom2_gribov_cancellation,axiom,Phase1/YangMills/AXIOM3_Compose.lean,46,False,False,6,PARKED,": True /-- BFS expansion converges in strong coupling (β < β_c), equals YM Z, and has cluster decomposition. -/ axiom axiom3_bfs_convergence (M : Manifold4D) (N : Nat) (P : PrincipalBundle M N) (β : Real) (hβ : β < β_c) : let Z_BFS"
axiom3_bfs_convergence,axiom,Phase1/YangMills/AXIOM3_Compose.lean,48,False,False,2,PARKED,(M : Manifold4D) (N : Nat) (P : PrincipalBundle M N) (β : Real) (hβ : β < β_c) : let Z_BFS
Assumption_bfs_convergence_validation,def,Phase1/YangMills/AXIOM3_Compose.lean,65,False,False,1,PARKED,: Prop
lemma_B1_bfs_convergence,theorem,Phase1/YangMills/AXIOM3_Compose.lean,70,False,False,2,PARKED,"(M : Manifold4D) (N : Nat) (P : PrincipalBundle M N) (β : Real) (hβ : β < β_c) : ∃ C c : Real, C > 0 ∧ c > 0 ∧ ∀ n : Nat, |Z_BFS_truncated M N P β n - bfs_partition_function M N P β| ≤ C * Real.exp (-c * (n.toReal)) (h_bfs_convergence_validation : Assumption_bfs_convergence_validation)"
Assumption_cluster_decomposition_validation_compose,def,Phase1/YangMills/AXIOM3_Compose.lean,84,False,True,1,PARKED,: Prop
lemma_B2_cluster_decomposition,theorem,Phase1/YangMills/AXIOM3_Compose.lean,91,False,True,2,PARKED,"(M : Manifold4D) (N : Nat) (P : PrincipalBundle M N) (β : Real) (hβ : β < β_c) : ∃ C m : Real, C > 0 ∧ m > 0 ∧ ∀ (O₁ O₂ : Observable), ∀ (R : Real), dist (supp O₁) (supp O₂) = R → |conn2 β O₁ O₂| ≤ C * Real.exp (-m * R) (h_cluster_decomposition_validation_compose : Assumption_cluster_decomposition_validation_compose)"
lemma_B3_mass_gap_strong_coupling,theorem,Phase1/YangMills/AXIOM3_Compose.lean,115,False,True,1,PARKED,"(M : Manifold4D) (N : Nat) (P : PrincipalBundle M N) (β : Real) (hβ : β < β_c) : ∃ Δ : Real, Δ > 0 ∧ ∀ (O : Observable) (R : Real), |conn2 β O O| ≤ (Real.exp (-Δ * R))"
lemma_B4_continuum_limit_stability,theorem,Phase1/YangMills/AXIOM3_Compose.lean,129,False,True,1,PARKED,"(hpos : ∀ a > 0, mass_gap_lattice a > 0) : ∃ Δ : Real, Δ > 0 ∧ Tendsto mass_gap_lattice (Filter.atTop) (Filter.pure Δ)"
Assumption_brst_bfs_equivalence_validation_compose,def,Phase1/YangMills/AXIOM3_Compose.lean,140,False,True,1,PARKED,: Prop
lemma_B5_brst_bfs_connection,theorem,Phase1/YangMills/AXIOM3_Compose.lean,144,False,True,2,PARKED,(M : Manifold4D) (N : Nat) (P : PrincipalBundle M N) (β : Real) (hβ : β < β_c) (h_brst_bfs_equivalence_validation_compose : Assumption_brst_bfs_equivalence_validation_compose) : brst_partition_function M N P β = bfs_partition_function M N P β
axiom3_from_B1_to_B5,theorem,Phase1/YangMills/AXIOM3_Compose.lean,162,False,True,0,PARKED,(M : Manifold4D) (N : Nat) (P : PrincipalBundle M N) (β : Real) (hβ : β < β_c) : axiom3_bfs_convergence M N P β hβ
Loop,structure,Phase1/YangMills/AreaLaw.lean,40,False,False,6,PARKED,where /-- Minimal enclosed area (Nambu-Goto proxy) -/ area : ℝ≥0
Wexp,def,Phase1/YangMills/AreaLaw.lean,45,False,False,6,PARKED,(C : Loop) : ℝ
AreaLaw,structure,Phase1/YangMills/AreaLaw.lean,50,False,False,6,PARKED,(σ : ℝ) : Prop
area_to_infty_implies_W_to_zero,theorem,Phase1/YangMills/AreaLaw.lean,59,False,False,1,PARKED,{σ : ℝ} (hσ : AreaLaw (σ
StringTension,def,Phase1/YangMills/AreaLaw.lean,88,False,False,2,PARKED,(σ : ℝ) : Prop
confinement_signature,theorem,Phase1/YangMills/AreaLaw.lean,91,False,False,1,PARKED,"{σ : ℝ} (hσ : AreaLaw σ) : ∀ ε > 0, ∃ A₀ : ℝ, ∀ C : Loop, (C.area : ℝ) > A₀ → Wexp C < ε"
area_law_implies_confinement,theorem,Phase1/YangMills/AreaLaw.lean,106,False,False,1,PARKED,{σ : ℝ} (hσ : AreaLaw σ) : StringTension σ
wilson_monotone_in_area,theorem,Phase1/YangMills/AreaLaw.lean,112,False,False,0,PARKED,"{σ : ℝ} (hσ : AreaLaw σ) : ∀ C₁ C₂ : Loop, C₁.area ≤ C₂.area → Wexp C₂ ≤ Wexp C₁"
Connection,opaque,Phase1/YangMills/Axiom1Prime.lean,31,False,False,169,PARKED,: Type
gauge_equivalent,axiom,Phase1/YangMills/Axiom1Prime.lean,34,False,False,1,PARKED,: Connection → Connection → Prop
eigenvalue_min,axiom,Phase1/YangMills/Axiom1Prime.lean,39,False,False,4,PARKED,: Connection → Float
in_Omega,def,Phase1/YangMills/Axiom1Prime.lean,42,False,False,4,PARKED,(A : Connection) : Prop
S_YM,axiom,Phase1/YangMills/Axiom1Prime.lean,47,False,False,2,PARKED,: Connection → Float
S_YM_nonneg,axiom,Phase1/YangMills/Axiom1Prime.lean,50,False,False,0,PARKED,(A : Connection) : S_YM A ≥ 0
mu_BRST_Omega,axiom,Phase1/YangMills/Axiom1Prime.lean,55,False,False,3,PARKED,: Float
mu_BRST_high_action,axiom,Phase1/YangMills/Axiom1Prime.lean,58,False,False,3,PARKED,: Float → Float
mu_BRST_Omega_valid,axiom,Phase1/YangMills/Axiom1Prime.lean,61,False,False,0,PARKED,: mu_BRST_Omega ≤ 1.0
Z,axiom,Phase1/YangMills/Axiom1Prime.lean,66,False,False,0,PARKED,: Float → Float → Float
Z_nonneg,axiom,Phase1/YangMills/Axiom1Prime.lean,69,False,False,0,PARKED,(g a : Float) : Z g a ≥ 0
C1,def,Phase1/YangMills/Axiom1Prime.lean,75,False,False,0,PARKED,: Float
C1_pos,theorem,Phase1/YangMills/Axiom1Prime.lean,77,False,False,0,PARKED,: C1 > 0
C2,def,Phase1/YangMills/Axiom1Prime.lean,81,False,False,0,PARKED,: Float
C2_pos,theorem,Phase1/YangMills/Axiom1Prime.lean,83,False,False,0,PARKED,: C2 > 0
C3,def,Phase1/YangMills/Axiom1Prime.lean,86,False,False,0,PARKED,: Float
C3_pos,theorem,Phase1/YangMills/Axiom1Prime.lean,88,False,False,0,PARKED,: C3 > 0
alpha_decay,def,Phase1/YangMills/Axiom1Prime.lean,92,False,False,4,PARKED,: Float
alpha_decay_pos,theorem,Phase1/YangMills/Axiom1Prime.lean,94,False,False,0,PARKED,: alpha_decay > 0
E0,def,Phase1/YangMills/Axiom1Prime.lean,98,False,False,0,PARKED,: Float
E0_pos,theorem,Phase1/YangMills/Axiom1Prime.lean,100,False,False,0,PARKED,: E0 > 0
epsilon,def,Phase1/YangMills/Axiom1Prime.lean,104,False,False,4,PARKED,: Float
epsilon_pos,theorem,Phase1/YangMills/Axiom1Prime.lean,106,False,False,0,PARKED,: epsilon > 0
epsilon_small,theorem,Phase1/YangMills/Axiom1Prime.lean,107,False,False,0,PARKED,: epsilon < 0.02
g0,def,Phase1/YangMills/Axiom1Prime.lean,111,False,False,0,PARKED,: Float
g0_pos,theorem,Phase1/YangMills/Axiom1Prime.lean,113,False,False,1,PARKED,: g0 > 0
a0,def,Phase1/YangMills/Axiom1Prime.lean,117,False,False,0,PARKED,: Float
a0_pos,theorem,Phase1/YangMills/Axiom1Prime.lean,119,False,False,1,PARKED,: a0 > 0
in_convergence_region,def,Phase1/YangMills/Axiom1Prime.lean,124,False,False,14,PARKED,(g a : Float) : Prop
landau_gauge_fixing,axiom,Phase1/YangMills/Axiom1Prime.lean,130,False,False,0,PARKED,": ∀ A : Connection, ∃ A' : Connection, in_Omega A' ∧ gauge_equivalent A A'"
Assumption_fp_positivity_validation,def,Phase1/YangMills/Axiom1Prime.lean,146,False,False,1,PARKED,: Prop
fp_positivity_in_omega,theorem,Phase1/YangMills/Axiom1Prime.lean,157,False,False,1,PARKED,"(h_fp_positivity_validation : Assumption_fp_positivity_validation) : ∀ A : Connection, in_Omega A → eigenvalue_min A ≥ C1"
measure_concentration,axiom,Phase1/YangMills/Axiom1Prime.lean,174,False,False,1,PARKED,: mu_BRST_Omega ≥ 1 - epsilon
Assumption_exponential_decay_validation,def,Phase1/YangMills/Axiom1Prime.lean,188,False,False,1,PARKED,: Prop
exponential_decay,theorem,Phase1/YangMills/Axiom1Prime.lean,200,False,False,1,PARKED,": ∀ E : Float, E > E0 → mu_BRST_high_action E ≤ C3 * Float.exp (-alpha_decay * E) (h_exponential_decay_validation : Assumption_exponential_decay_validation) (h_z_finiteness_validation : Assumption_z_finiteness_validation)"
Assumption_z_finiteness_validation,def,Phase1/YangMills/Axiom1Prime.lean,223,False,False,2,PARKED,: Prop
z_finiteness,theorem,Phase1/YangMills/Axiom1Prime.lean,234,False,False,1,PARKED,(g a : Float) (h_region : in_convergence_region g a) (h_z_finiteness_validation : Assumption_z_finiteness_validation) : Z g a ≤ C2
axiom1_prime,theorem,Phase1/YangMills/Axiom1Prime.lean,256,False,False,0,PARKED,"(g a : Float) (h_region : in_convergence_region g a) : -- Bound 1: FP Positivity (∀ A : Connection, in_Omega A → eigenvalue_min A ≥ C1) ∧ -- Bound 2: Z Finiteness (Z g a ≤ C2) ∧ -- Bound 3: Measure Concentration (mu_BRST_Omega ≥ 1 - epsilon) ∧ -- Bound 4: Exponential Decay (∀ E : Float, E > E0 → mu_BRST_high_action E ≤ C3 * Float.exp (-alpha_decay * E))"
validation_rate,def,Phase1/YangMills/Axiom1Prime.lean,276,False,False,4,PARKED,: Float
validation_exceeds_95,theorem,Phase1/YangMills/Axiom1Prime.lean,278,False,False,0,PARKED,: validation_rate > 0.95
validation_exceeds_99,theorem,Phase1/YangMills/Axiom1Prime.lean,279,False,False,0,PARKED,: validation_rate > 0.99
C1_margin,def,Phase1/YangMills/Axiom1Prime.lean,282,False,False,1,PARKED,: Float
C2_margin,def,Phase1/YangMills/Axiom1Prime.lean,283,False,False,1,PARKED,: Float
epsilon_margin,def,Phase1/YangMills/Axiom1Prime.lean,284,False,False,1,PARKED,: Float
all_margins_positive,theorem,Phase1/YangMills/Axiom1Prime.lean,286,False,False,0,PARKED,: C1_margin > 0 ∧ C2_margin > 0 ∧ epsilon_margin > 0
g0_consistent_axiom8,theorem,Phase1/YangMills/Axiom1Prime.lean,295,False,False,0,PARKED,: Float.abs (g0 - 1.15) / 1.15 < 0.03
a0_consistent_axiom8,theorem,Phase1/YangMills/Axiom1Prime.lean,299,False,False,0,PARKED,: a0 = 0.14
GaugeConnection,opaque,Phase1/YangMills/Axiom2Prime.lean,42,False,False,15,PARKED,: Type
DensityMatrixUV,opaque,Phase1/YangMills/Axiom2Prime.lean,45,False,False,12,PARKED,: Type
DensityMatrixIR,opaque,Phase1/YangMills/Axiom2Prime.lean,48,False,False,8,PARKED,: Type
S_VN,axiom,Phase1/YangMills/Axiom2Prime.lean,55,False,False,11,PARKED,: DensityMatrixUV → Float
S_VN_nonneg,axiom,Phase1/YangMills/Axiom2Prime.lean,58,False,False,0,PARKED,(rho : DensityMatrixUV) : S_VN rho ≥ 0
mutual_info,axiom,Phase1/YangMills/Axiom2Prime.lean,61,False,False,7,PARKED,: DensityMatrixUV → DensityMatrixIR → Float
mutual_info_nonneg,axiom,Phase1/YangMills/Axiom2Prime.lean,64,False,False,0,PARKED,(rho_UV : DensityMatrixUV) (rho_IR : DensityMatrixIR) : mutual_info rho_UV rho_IR ≥ 0
effective_area,axiom,Phase1/YangMills/Axiom2Prime.lean,68,False,False,2,PARKED,": Float → Float → Float -- (Λ_UV, V) → Area"
yang_mills_action,axiom,Phase1/YangMills/Axiom2Prime.lean,71,False,False,20,PARKED,: GaugeConnection → Float
action_nonneg,axiom,Phase1/YangMills/Axiom2Prime.lean,74,False,False,0,PARKED,(A : GaugeConnection) : yang_mills_action A ≥ 0
S_ent,def,Phase1/YangMills/Axiom2Prime.lean,88,False,False,3,PARKED,(A : GaugeConnection) (rho_UV : DensityMatrixUV) (rho_IR : DensityMatrixIR) (lambda : Float) : Float
beta,def,Phase1/YangMills/Axiom2Prime.lean,106,False,False,12,PARKED,: Float
beta_pos,theorem,Phase1/YangMills/Axiom2Prime.lean,108,False,False,0,PARKED,: beta > 0
beta_in_range_lower,theorem,Phase1/YangMills/Axiom2Prime.lean,109,False,False,0,PARKED,: beta ≥ 0.25
beta_in_range_upper,theorem,Phase1/YangMills/Axiom2Prime.lean,110,False,False,0,PARKED,: beta ≤ 0.30
beta_sublinear,theorem,Phase1/YangMills/Axiom2Prime.lean,111,False,False,0,PARKED,: beta < 1.0
alpha,def,Phase1/YangMills/Axiom2Prime.lean,119,False,False,6,PARKED,: Float
alpha_pos,theorem,Phase1/YangMills/Axiom2Prime.lean,121,False,False,0,PARKED,: alpha > 0
alpha_in_range_lower,theorem,Phase1/YangMills/Axiom2Prime.lean,122,False,False,0,PARKED,: alpha ≥ 0.05
alpha_in_range_upper,theorem,Phase1/YangMills/Axiom2Prime.lean,123,False,False,0,PARKED,: alpha ≤ 0.20
S0,def,Phase1/YangMills/Axiom2Prime.lean,130,False,False,0,PARKED,: Float
S0_pos,theorem,Phase1/YangMills/Axiom2Prime.lean,132,False,False,0,PARKED,: S0 > 0
S0_finite,theorem,Phase1/YangMills/Axiom2Prime.lean,133,False,False,0,PARKED,: S0 < 10000
C_RT,def,Phase1/YangMills/Axiom2Prime.lean,141,False,False,5,PARKED,: Float
C_RT_pos,theorem,Phase1/YangMills/Axiom2Prime.lean,143,False,False,0,PARKED,: C_RT > 0
C_RT_in_range,theorem,Phase1/YangMills/Axiom2Prime.lean,144,False,False,0,PARKED,: C_RT ≥ 1.0 ∧ C_RT ≤ 10.0
inf_S_ent,def,Phase1/YangMills/Axiom2Prime.lean,153,False,False,5,PARKED,: Float
inf_S_ent_pos,theorem,Phase1/YangMills/Axiom2Prime.lean,155,False,False,0,PARKED,: inf_S_ent > 0
entropic_gap_exists,theorem,Phase1/YangMills/Axiom2Prime.lean,156,False,False,0,PARKED,: inf_S_ent > 200
Delta,def,Phase1/YangMills/Axiom2Prime.lean,164,False,False,10,PARKED,: Float
Delta_pos,theorem,Phase1/YangMills/Axiom2Prime.lean,166,False,False,2,PARKED,: Delta > 0
Delta_physical,theorem,Phase1/YangMills/Axiom2Prime.lean,167,False,False,0,PARKED,: Delta > 1.0 ∧ Delta < 1.5
g0,def,Phase1/YangMills/Axiom2Prime.lean,175,False,False,0,PARKED,: Float
g0_pos,theorem,Phase1/YangMills/Axiom2Prime.lean,177,False,False,1,PARKED,: g0 > 0
g0_consistent,theorem,Phase1/YangMills/Axiom2Prime.lean,178,False,False,0,PARKED,: g0 = 1.18
a0,def,Phase1/YangMills/Axiom2Prime.lean,183,False,False,0,PARKED,: Float
a0_pos,theorem,Phase1/YangMills/Axiom2Prime.lean,185,False,False,1,PARKED,: a0 > 0
a0_consistent,theorem,Phase1/YangMills/Axiom2Prime.lean,186,False,False,0,PARKED,: a0 = 0.14
in_convergence_region,def,Phase1/YangMills/Axiom2Prime.lean,193,False,False,14,PARKED,(g a : Float) : Prop
uv_entropy_finite,axiom,Phase1/YangMills/Axiom2Prime.lean,211,False,False,1,PARKED,(rho_UV : DensityMatrixUV) : S_VN rho_UV ≤ S0
Assumption_mutual_info_controlled_validation,def,Phase1/YangMills/Axiom2Prime.lean,228,False,False,1,PARKED,: Prop
mutual_info_controlled,theorem,Phase1/YangMills/Axiom2Prime.lean,242,False,False,1,PARKED,(rho_UV : DensityMatrixUV) (rho_IR : DensityMatrixIR) (h_mutual_info_controlled_validation : Assumption_mutual_info_controlled_validation) : mutual_info rho_UV rho_IR ≥ alpha * S_VN rho_UV
holographic_scaling,axiom,Phase1/YangMills/Axiom2Prime.lean,270,False,False,1,PARKED,(rho_UV : DensityMatrixUV) (Lambda_UV V : Float) : S_VN rho_UV ≤ C_RT * Float.pow (effective_area Lambda_UV V) beta
entropic_functional_definition,theorem,Phase1/YangMills/Axiom2Prime.lean,285,False,False,0,PARKED,(A : GaugeConnection) (rho_UV : DensityMatrixUV) (rho_IR : DensityMatrixIR) (lambda : Float) : S_ent A rho_UV rho_IR lambda = S_VN rho_UV - mutual_info rho_UV rho_IR + lambda * yang_mills_action A
entropic_gap_implies_mass_gap,theorem,Phase1/YangMills/Axiom2Prime.lean,311,False,False,0,PARKED,(kappa : Float) (_ : kappa > 0) : inf_S_ent > 0 → Delta > 0
mass_gap_proportionality,axiom,Phase1/YangMills/Axiom2Prime.lean,318,False,False,0,PARKED,": ∃ kappa : Float, kappa > 0 ∧ Delta ≥ kappa * inf_S_ent"
Delta_numerical,theorem,Phase1/YangMills/Axiom2Prime.lean,336,False,False,0,PARKED,: Delta = 1.22
Delta_in_physical_range,theorem,Phase1/YangMills/Axiom2Prime.lean,338,False,False,0,PARKED,: Delta ≥ 1.12 ∧ Delta ≤ 1.32
axiom2_prime,theorem,Phase1/YangMills/Axiom2Prime.lean,368,False,False,0,PARKED,"(A : GaugeConnection) (rho_UV : DensityMatrixUV) (rho_IR : DensityMatrixIR) (lambda : Float) (h_lambda : lambda > 0) (g a : Float) (h_region : in_convergence_region g a) : -- Bound 1: UV Finiteness (S_VN rho_UV ≤ S0) ∧ -- Bound 2: Mutual Information Controlled (mutual_info rho_UV rho_IR ≥ alpha * S_VN rho_UV) ∧ -- Bound 3: Holographic Scaling (existential) (∃ Lambda_UV V : Float, S_VN rho_UV ≤ C_R"
S_ent_coercive,axiom,Phase1/YangMills/Axiom2Prime.lean,398,False,False,0,PARKED,(A : GaugeConnection) (rho_UV : DensityMatrixUV) (rho_IR : DensityMatrixIR) (lambda : Float) (h_lambda : lambda > 0) : yang_mills_action A > 1000000 → S_ent A rho_UV rho_IR lambda > 1000000
beta_margin,def,Phase1/YangMills/Axiom2Prime.lean,407,False,False,1,PARKED,: Float
alpha_margin,def,Phase1/YangMills/Axiom2Prime.lean,410,False,False,1,PARKED,: Float
beta_margin_positive,theorem,Phase1/YangMills/Axiom2Prime.lean,412,False,False,0,PARKED,: beta_margin > 0
alpha_margin_positive,theorem,Phase1/YangMills/Axiom2Prime.lean,413,False,False,0,PARKED,: alpha_margin > 0
g0_consistent_axiom1,theorem,Phase1/YangMills/Axiom2Prime.lean,420,False,False,0,PARKED,: g0 = 1.18
a0_consistent_axiom1_8,theorem,Phase1/YangMills/Axiom2Prime.lean,423,False,False,0,PARKED,: a0 = 0.14
convergence_region_universal,theorem,Phase1/YangMills/Axiom2Prime.lean,426,False,False,0,PARKED,: g0 = 1.18 ∧ a0 = 0.14
validation_rate,def,Phase1/YangMills/Axiom8Prime.lean,23,True,False,4,UNKNOWN,: Float
safety_margin,def,Phase1/YangMills/Axiom8Prime.lean,26,True,False,0,UNKNOWN,: Float
validation_exceeds_threshold,theorem,Phase1/YangMills/Axiom8Prime.lean,29,True,False,0,UNKNOWN,: validation_rate > 0.95
axiom1_brst_measure,axiom,Phase1/YangMills/B1_BFSConvergence.lean,42,False,False,5,PARKED,": True axiom axiom2_gribov_cancellation : True /-! # B1 — BFS Expansion Convergence -/ theorem lemma_B1_bfs_convergence (M : Manifold4D) (N : Nat) (P : PrincipalBundle M N) (β : Real) (hβ : β < β_c) : ∃ C c : Real, C > 0 ∧ c > 0 ∧ ∀ n : Nat, |Z_BFS_truncated M N P β n - bfs_partition_function M N P β| ≤ C * Real.exp (-c * (n.toReal))"
axiom2_gribov_cancellation,axiom,Phase1/YangMills/B1_BFSConvergence.lean,43,False,False,6,PARKED,": True /-! # B1 — BFS Expansion Convergence -/ theorem lemma_B1_bfs_convergence (M : Manifold4D) (N : Nat) (P : PrincipalBundle M N) (β : Real) (hβ : β < β_c) : ∃ C c : Real, C > 0 ∧ c > 0 ∧ ∀ n : Nat, |Z_BFS_truncated M N P β n - bfs_partition_function M N P β| ≤ C * Real.exp (-c * (n.toReal))"
lemma_B1_bfs_convergence,theorem,Phase1/YangMills/B1_BFSConvergence.lean,45,False,False,2,PARKED,"(M : Manifold4D) (N : Nat) (P : PrincipalBundle M N) (β : Real) (hβ : β < β_c) : ∃ C c : Real, C > 0 ∧ c > 0 ∧ ∀ n : Nat, |Z_BFS_truncated M N P β n - bfs_partition_function M N P β| ≤ C * Real.exp (-c * (n.toReal))"
axiom1_brst_measure,axiom,Phase1/YangMills/B2_ClusterDecomposition.lean,42,False,False,5,PARKED,: True axiom axiom2_gribov_cancellation : True /-! # B2 — Cluster Decomposition -/
axiom2_gribov_cancellation,axiom,Phase1/YangMills/B2_ClusterDecomposition.lean,43,False,False,6,PARKED,: True /-! # B2 — Cluster Decomposition -/
Assumption_cluster_decomposition_validation,def,Phase1/YangMills/B2_ClusterDecomposition.lean,68,False,False,1,PARKED,: Prop
lemma_B2_cluster_decomposition,theorem,Phase1/YangMills/B2_ClusterDecomposition.lean,75,False,False,2,PARKED,"(M : Manifold4D) (N : Nat) (P : PrincipalBundle M N) (β : Real) (hβ : β < β_c) : ∃ C m : Real, C > 0 ∧ m > 0 ∧ ∀ (O₁ O₂ : Observable), ∀ (R : Real), dist (supp O₁) (supp O₂) = R → |conn2 β O₁ O₂| ≤ C * Real.exp (-m * R) (h_cluster_decomposition_validation : Assumption_cluster_decomposition_validation)"
axiom1_brst_measure,axiom,Phase1/YangMills/B3_MassGapStrongCoupling.lean,42,False,False,5,PARKED,": True axiom axiom2_gribov_cancellation : True /-! # B3 — Mass Gap in Strong Coupling -/ theorem lemma_B3_mass_gap_strong_coupling (M : Manifold4D) (N : Nat) (P : PrincipalBundle M N) (β : Real) (hβ : β < β_c) : ∃ Δ : Real, Δ > 0 ∧ ∀ (O : Observable) (R : Real), |conn2 β O O| ≤ (Real.exp (-Δ * R))"
axiom2_gribov_cancellation,axiom,Phase1/YangMills/B3_MassGapStrongCoupling.lean,43,False,False,6,PARKED,": True /-! # B3 — Mass Gap in Strong Coupling -/ theorem lemma_B3_mass_gap_strong_coupling (M : Manifold4D) (N : Nat) (P : PrincipalBundle M N) (β : Real) (hβ : β < β_c) : ∃ Δ : Real, Δ > 0 ∧ ∀ (O : Observable) (R : Real), |conn2 β O O| ≤ (Real.exp (-Δ * R))"
lemma_B3_mass_gap_strong_coupling,theorem,Phase1/YangMills/B3_MassGapStrongCoupling.lean,45,False,True,1,PARKED,"(M : Manifold4D) (N : Nat) (P : PrincipalBundle M N) (β : Real) (hβ : β < β_c) : ∃ Δ : Real, Δ > 0 ∧ ∀ (O : Observable) (R : Real), |conn2 β O O| ≤ (Real.exp (-Δ * R))"
axiom1_brst_measure,axiom,Phase1/YangMills/B4_ContinuumLimitStability.lean,42,False,False,5,PARKED,": True axiom axiom2_gribov_cancellation : True /-! # B4 — Continuum Limit Stability -/ theorem lemma_B4_continuum_limit_stability (hpos : ∀ a > 0, mass_gap_lattice a > 0) : ∃ Δ : Real, Δ > 0 ∧ Tendsto mass_gap_lattice (Filter.atTop) (Filter.pure Δ)"
axiom2_gribov_cancellation,axiom,Phase1/YangMills/B4_ContinuumLimitStability.lean,43,False,False,6,PARKED,": True /-! # B4 — Continuum Limit Stability -/ theorem lemma_B4_continuum_limit_stability (hpos : ∀ a > 0, mass_gap_lattice a > 0) : ∃ Δ : Real, Δ > 0 ∧ Tendsto mass_gap_lattice (Filter.atTop) (Filter.pure Δ)"
lemma_B4_continuum_limit_stability,theorem,Phase1/YangMills/B4_ContinuumLimitStability.lean,45,False,True,1,PARKED,"(hpos : ∀ a > 0, mass_gap_lattice a > 0) : ∃ Δ : Real, Δ > 0 ∧ Tendsto mass_gap_lattice (Filter.atTop) (Filter.pure Δ)"
axiom1_brst_measure,axiom,Phase1/YangMills/B5_BRSTBFSConnection.lean,42,False,False,5,PARKED,: True axiom axiom2_gribov_cancellation : True /-! # B5 — BRST ↔ BFS Connection -/
axiom2_gribov_cancellation,axiom,Phase1/YangMills/B5_BRSTBFSConnection.lean,43,False,False,6,PARKED,: True /-! # B5 — BRST ↔ BFS Connection -/
Assumption_brst_bfs_equivalence_validation,def,Phase1/YangMills/B5_BRSTBFSConnection.lean,62,False,False,1,PARKED,: Prop
lemma_B5_brst_bfs_connection,theorem,Phase1/YangMills/B5_BRSTBFSConnection.lean,66,False,False,2,PARKED,(M : Manifold4D) (N : Nat) (P : PrincipalBundle M N) (β : Real) (hβ : β < β_c) (h_brst_bfs_equivalence_validation : Assumption_brst_bfs_equivalence_validation) : brst_partition_function M N P β = bfs_partition_function M N P β
Configuration,structure,Phase1/YangMills/BFSConvergenceFinal.lean,84,True,False,2,UNKNOWN,where id : ℕ
convergence_rate_max,def,Phase1/YangMills/BFSConvergenceFinal.lean,95,True,False,2,UNKNOWN,: ℝ
convergence_threshold,def,Phase1/YangMills/BFSConvergenceFinal.lean,98,True,False,5,UNKNOWN,: ℝ
accumulated_error_max,def,Phase1/YangMills/BFSConvergenceFinal.lean,104,True,False,2,UNKNOWN,: ℝ
stability_threshold,def,Phase1/YangMills/BFSConvergenceFinal.lean,107,True,False,2,UNKNOWN,: ℝ
mass_gap_mean,def,Phase1/YangMills/BFSConvergenceFinal.lean,115,True,False,2,UNKNOWN,: ℝ
mass_gap_lower,def,Phase1/YangMills/BFSConvergenceFinal.lean,118,True,False,2,UNKNOWN,: ℝ
mass_gap_upper,def,Phase1/YangMills/BFSConvergenceFinal.lean,121,True,False,2,UNKNOWN,: ℝ
ConvergenceRate,def,Phase1/YangMills/BFSConvergenceFinal.lean,126,True,False,2,UNKNOWN,(_ : ℕ) : ℝ
AccumulatedError,def,Phase1/YangMills/BFSConvergenceFinal.lean,129,True,False,2,UNKNOWN,(_ : ℕ) : ℝ
MassGap,def,Phase1/YangMills/BFSConvergenceFinal.lean,132,True,False,3,UNKNOWN,(_ : Configuration) : ℝ
bfs_convergence_rate,theorem,Phase1/YangMills/BFSConvergenceFinal.lean,160,True,False,0,UNKNOWN,": ∀ (n : ℕ), ConvergenceRate n < convergence_threshold"
bfs_numerical_stability,theorem,Phase1/YangMills/BFSConvergenceFinal.lean,194,True,False,0,UNKNOWN,": ∀ (n : ℕ), AccumulatedError n < stability_threshold"
bfs_mass_gap_bound,theorem,Phase1/YangMills/BFSConvergenceFinal.lean,230,True,False,0,UNKNOWN,": ∀ (config : Configuration), mass_gap_lower < MassGap config ∧ MassGap config < mass_gap_upper"
Manifold,axiom,Phase1/YangMills/Basic.lean,14,True,False,58,UNKNOWN,: Type
GaugeField,axiom,Phase1/YangMills/Basic.lean,17,True,False,63,UNKNOWN,: Manifold → Type
GaugeConnection,axiom,Phase1/YangMills/Basic.lean,20,True,False,15,UNKNOWN,: Type
DensityMatrix,axiom,Phase1/YangMills/Basic.lean,23,True,False,31,UNKNOWN,: Type
QuantumState,axiom,Phase1/YangMills/Basic.lean,26,True,False,3,UNKNOWN,: Type
beta_lattice,axiom,Phase1/YangMills/BetaFunction.lean,11,False,False,1,PARKED,: ℝ → ℝ → ℝ
beta,def,Phase1/YangMills/BetaFunction.lean,14,False,False,12,PARKED,(g a : ℝ) : ℝ
roughLaplacian,def,Phase1/YangMills/BochnerWeitzenbock.lean,61,False,False,2,PARKED,(∇ : MetricConnection E M) : Section E → Section E
ricciOperator,def,Phase1/YangMills/BochnerWeitzenbock.lean,66,False,False,2,PARKED,(g : RiemannianMetric M) : Section E → Section E
curvatureCommutator,def,Phase1/YangMills/BochnerWeitzenbock.lean,71,False,False,2,PARKED,(∇ : MetricConnection E M) : Section E → Section E
Assumption_bochner_weitzenbock_formula_validation,def,Phase1/YangMills/BochnerWeitzenbock.lean,83,False,False,1,PARKED,: Prop
bochner_weitzenbock_formula,theorem,Phase1/YangMills/BochnerWeitzenbock.lean,88,False,False,0,PARKED,"(∇ : MetricConnection E M) (g : RiemannianMetric M) (h_bochner_weitzenbock_formula_validation : Assumption_bochner_weitzenbock_formula_validation) : ∀ (ω : Section (Λ^k T*M ⊗ E)), laplacian ∇ ω = roughLaplacian ∇ ω + ricciOperator g ω + curvatureCommutator ∇ ω"
Assumption_lichnerowicz_mass_gap_bound_validation,def,Phase1/YangMills/BochnerWeitzenbock.lean,101,False,False,1,PARKED,: Prop
lichnerowicz_mass_gap_bound,theorem,Phase1/YangMills/BochnerWeitzenbock.lean,106,False,False,0,PARKED,"(∇ : MetricConnection E M) (g : RiemannianMetric M) (h_ricci : ∀ x, Ricci g x ≥ κ) (h_lichnerowicz_mass_gap_bound_validation : Assumption_lichnerowicz_mass_gap_bound_validation) : ∀ (ω : Section E) (h_ω : ω ≠ 0), ⟨laplacian ∇ ω, ω⟩ / ⟨ω, ω⟩ ≥ κ / 4"
bochner_weitzenbock_axiom,axiom,Phase1/YangMills/BochnerWeitzenbock.lean,115,False,False,0,PARKED,"{M : Type*} [SmoothManifold M] [RiemannianManifold M] {E : Type*} [VectorBundle E M] : ∃ (formula : Type), True"
mass_gap,def,Phase1/YangMills/ClusterDecomposition.lean,81,True,False,121,UNKNOWN,: ℝ
hbar_c,def,Phase1/YangMills/ClusterDecomposition.lean,87,True,False,8,UNKNOWN,: ℝ
mass_gap_fm,def,Phase1/YangMills/ClusterDecomposition.lean,95,True,False,6,UNKNOWN,: ℝ
correlation_R_05,def,Phase1/YangMills/ClusterDecomposition.lean,100,True,False,2,UNKNOWN,: ℝ
correlation_R_10,def,Phase1/YangMills/ClusterDecomposition.lean,105,True,False,5,UNKNOWN,: ℝ
correlation_R_15,def,Phase1/YangMills/ClusterDecomposition.lean,108,True,False,3,UNKNOWN,: ℝ
correlation_R_20,def,Phase1/YangMills/ClusterDecomposition.lean,113,True,False,3,UNKNOWN,: ℝ
correlation_R_25,def,Phase1/YangMills/ClusterDecomposition.lean,116,True,False,3,UNKNOWN,: ℝ
correlation_R_30,def,Phase1/YangMills/ClusterDecomposition.lean,122,True,False,4,UNKNOWN,: ℝ
R_05,def,Phase1/YangMills/ClusterDecomposition.lean,125,True,False,0,UNKNOWN,: ℝ
R_10,def,Phase1/YangMills/ClusterDecomposition.lean,128,True,False,0,UNKNOWN,: ℝ
R_15,def,Phase1/YangMills/ClusterDecomposition.lean,131,True,False,0,UNKNOWN,: ℝ
R_20,def,Phase1/YangMills/ClusterDecomposition.lean,134,True,False,0,UNKNOWN,: ℝ
R_25,def,Phase1/YangMills/ClusterDecomposition.lean,137,True,False,0,UNKNOWN,: ℝ
R_30,def,Phase1/YangMills/ClusterDecomposition.lean,140,True,False,0,UNKNOWN,: ℝ
decay_rate_fit,def,Phase1/YangMills/ClusterDecomposition.lean,146,True,False,2,UNKNOWN,: ℝ
correlation_length_positive,theorem,Phase1/YangMills/ClusterDecomposition.lean,176,True,False,0,UNKNOWN,: 1 / mass_gap_fm > 0 ∧ 1 / mass_gap_fm < 0.2
exponential_decay_R_10,theorem,Phase1/YangMills/ClusterDecomposition.lean,209,True,False,0,UNKNOWN,: abs (correlation_R_10 - 0.301) / 0.301 < 0.01
monotonic_decay,theorem,Phase1/YangMills/ClusterDecomposition.lean,242,True,False,0,UNKNOWN,: correlation_R_05 > correlation_R_10 ∧ correlation_R_10 > correlation_R_15 ∧ correlation_R_15 > correlation_R_20 ∧ correlation_R_20 > correlation_R_25 ∧ correlation_R_25 > correlation_R_30
cluster_property_R_30,theorem,Phase1/YangMills/ClusterDecomposition.lean,280,True,False,0,UNKNOWN,: correlation_R_30 < 0.03
decay_rate_consistency,theorem,Phase1/YangMills/ClusterDecomposition.lean,313,True,False,0,UNKNOWN,: abs (decay_rate_fit - mass_gap) / mass_gap < 0.01
mass_gap_continuum,def,Phase1/YangMills/ContinuumLimit.lean,74,False,False,8,PARKED,: ℝ
mass_gap_a_020,def,Phase1/YangMills/ContinuumLimit.lean,80,False,False,2,PARKED,: ℝ
mass_gap_a_015,def,Phase1/YangMills/ContinuumLimit.lean,83,False,False,3,PARKED,: ℝ
mass_gap_a_010,def,Phase1/YangMills/ContinuumLimit.lean,86,False,False,3,PARKED,: ℝ
mass_gap_a_009,def,Phase1/YangMills/ContinuumLimit.lean,93,False,False,7,PARKED,: ℝ
a_020,def,Phase1/YangMills/ContinuumLimit.lean,96,False,False,0,PARKED,: ℝ
a_015,def,Phase1/YangMills/ContinuumLimit.lean,99,False,False,0,PARKED,: ℝ
a_010,def,Phase1/YangMills/ContinuumLimit.lean,102,False,False,0,PARKED,: ℝ
a_009,def,Phase1/YangMills/ContinuumLimit.lean,105,False,False,2,PARKED,: ℝ
convergence_rate,def,Phase1/YangMills/ContinuumLimit.lean,113,False,False,2,PARKED,: ℝ
continuum_mass_gap_positive,theorem,Phase1/YangMills/ContinuumLimit.lean,139,False,False,2,PARKED,: mass_gap_continuum > 0
monotonic_convergence,theorem,Phase1/YangMills/ContinuumLimit.lean,179,False,False,0,PARKED,: mass_gap_a_020 < mass_gap_a_015 ∧ mass_gap_a_015 < mass_gap_a_010 ∧ mass_gap_a_010 < mass_gap_a_009 ∧ mass_gap_a_009 < mass_gap_continuum
linear_convergence_a_009,theorem,Phase1/YangMills/ContinuumLimit.lean,222,False,False,0,PARKED,: abs (mass_gap_a_009 - mass_gap_continuum) < convergence_rate * a_009 * 2
continuum_limit_exists_epsilon_001,theorem,Phase1/YangMills/ContinuumLimit.lean,266,False,False,0,PARKED,: abs (mass_gap_a_009 - mass_gap_continuum) < 0.01
g0,def,Phase1/YangMills/ConvergenceRegion.lean,10,True,False,0,UNKNOWN,: ℝ
a_max,def,Phase1/YangMills/ConvergenceRegion.lean,11,True,False,50,UNKNOWN,: ℝ
lattice_spacing_valid,axiom,Phase1/YangMills/ConvergenceRegion.lean,15,True,False,1,UNKNOWN,: ℝ → Prop axiom coupling_in_nonperturbative_regime : ℝ → Prop
coupling_in_nonperturbative_regime,axiom,Phase1/YangMills/ConvergenceRegion.lean,16,True,False,1,UNKNOWN,: ℝ → Prop
in_convergence_region,def,Phase1/YangMills/ConvergenceRegion.lean,20,True,False,14,UNKNOWN,(g a : ℝ) : Prop
decay_beats_growth,theorem,Phase1/YangMills/Corollary_Convergence.lean,19,False,False,0,PARKED,: η_decay > μ_counting
partialSum,def,Phase1/YangMills/Corollary_Convergence.lean,26,False,False,3,PARKED,(N : Nat) (g a : Float) : Float
corollary_convergence,theorem,Phase1/YangMills/Corollary_Convergence.lean,49,False,False,0,PARKED,": ∀ (g a : Float), in_convergence_region g a → ∃ (bound : Float), bound > 0 ∧ ∀ N : Nat, partialSum N g a ≤ bound"
convergenceBound,def,Phase1/YangMills/Corollary_Convergence.lean,70,False,False,2,PARKED,: Float
convergenceBound_pos,axiom,Phase1/YangMills/Corollary_Convergence.lean,74,False,False,2,PARKED,: convergenceBound > 0
LatticeField,structure,Phase1/YangMills/Correspondence.lean,44,False,False,4,PARKED,"where /-- Lattice spacing -/ a : ℝ /-- Positivity -/ a_pos : 0 < a /-- Field values at lattice sites -/ A_lat : ℤ → ℝ /-- Boundedness (for convergence) -/ bounded : ∃ C, ∀ i, |A_lat i| ≤ C"
ContinuumField,structure,Phase1/YangMills/Correspondence.lean,57,False,False,8,PARKED,"where /-- Continuum field -/ A_cont : ℝ → ℝ /-- Continuity -/ cont : Continuous A_cont /-- Boundedness -/ bounded : ∃ C, ∀ x, |A_cont x| ≤ C"
sample,def,Phase1/YangMills/Correspondence.lean,68,False,False,13,PARKED,(L : LatticeField) : ℝ → ℝ
sample_piecewise_constant,lemma,Phase1/YangMills/Correspondence.lean,72,False,False,1,PARKED,"(L : LatticeField) : ∀ x y, Int.floor (x / L.a) = Int.floor (y / L.a) → sample L x = sample L y"
LatticeFamily,structure,Phase1/YangMills/Correspondence.lean,82,False,False,8,PARKED,"where /-- Lattice field at each spacing -/ L : ℝ → LatticeField /-- Spacing matches index -/ spacing_eq : ∀ a, (L a).a = a /-- All positive -/ pos : ∀ a, 0 < a"
LipschitzFunctional,structure,Phase1/YangMills/Correspondence.lean,93,False,False,6,PARKED,"where /-- The functional F : (ℝ → ℝ) → ℝ -/ F : (ℝ → ℝ) → ℝ /-- Lipschitz constant -/ K : ℝ /-- Lipschitz property -/ lip : ∀ f g, (∀ x, |f x - g x| ≤ 1) → |F f - F g| ≤ K"
uniformNorm,def,Phase1/YangMills/Correspondence.lean,104,False,False,3,PARKED,(f g : ℝ → ℝ) : ℝ
converges_uniformly,def,Phase1/YangMills/Correspondence.lean,110,False,False,7,PARKED,(fam : LatticeFamily) (C : ContinuumField) : Prop
Assumption_lattice_to_continuum_validation,def,Phase1/YangMills/Correspondence.lean,131,False,False,1,PARKED,: Prop
lattice_to_continuum,theorem,Phase1/YangMills/Correspondence.lean,141,False,False,4,PARKED,(F : LipschitzFunctional) (fam : LatticeFamily) (C : ContinuumField) (h_conv : converges_uniformly fam C) : Tendsto (fun a => F.F (sample (fam.L a))) (𝓝[>] 0) (𝓝 (F.F C.A_cont)) (h_lattice_to_continuum_validation : Assumption_lattice_to_continuum_validation)
observable_convergence,theorem,Phase1/YangMills/Correspondence.lean,154,False,False,0,PARKED,"(fam : LatticeFamily) (C : ContinuumField) (h_conv : converges_uniformly fam C) (O : LipschitzFunctional) (h_wilson_loop_lipschitz : Assumption_wilson_loop_lipschitz) : ∃ O_cont, Tendsto (fun a => O.F (sample (fam.L a))) (𝓝[>] 0) (𝓝 O_cont) ∧ O_cont = O.F C.A_cont"
wilsonLoop,def,Phase1/YangMills/Correspondence.lean,180,False,False,14,PARKED,(C : List ℝ) : LipschitzFunctional where F
Assumption_wilson_loop_lipschitz,def,Phase1/YangMills/Correspondence.lean,190,False,False,1,PARKED,: Prop
wilson_loop_converges,theorem,Phase1/YangMills/Correspondence.lean,193,False,False,0,PARKED,(C : List ℝ) (fam : LatticeFamily) (cont : ContinuumField) (h : converges_uniformly fam cont) : Tendsto (fun a => (wilsonLoop C).F (sample (fam.L a))) (𝓝[>] 0) (𝓝 ((wilsonLoop C).F cont.A_cont))
continuum_limit_is_UV_limit,theorem,Phase1/YangMills/Correspondence.lean,205,False,False,0,PARKED,"(fam : LatticeFamily) (C : ContinuumField) (h : converges_uniformly fam C) : ∀ ε > 0, ∃ a_max > 0, ∀ a, 0 < a < a_max → uniformNorm (sample (fam.L a)) C.A_cont < ε"
observable_stability,theorem,Phase1/YangMills/Correspondence.lean,216,False,True,0,PARKED,"(F : LipschitzFunctional) (fam : LatticeFamily) (C : ContinuumField) (h : converges_uniformly fam C) (ε : ℝ) (hε : ε > 0) : ∃ δ > 0, ∀ a, 0 < a < δ → |F.F (sample (fam.L a)) - F.F C.A_cont| < ε"
weylTensor,def,Phase1/YangMills/CurvatureDecomposition.lean,60,False,False,2,PARKED,(g : RiemannianMetric M) : TangentBundle M → TangentBundle M → TangentBundle M → TangentBundle M → ℝ
curvature_decomposition,theorem,Phase1/YangMills/CurvatureDecomposition.lean,72,False,False,0,PARKED,"(g : RiemannianMetric M) : ∀ (i j k l : Fin n), riemannTensor g i j k l = W[g] i j k l + (1/(n-2)) * (Ric[g] i k * g j l - Ric[g] i l * g j k + Ric[g] j l * g i k - Ric[g] j k * g i l) + (R[g]/(n*(n-1))) * (g i k * g j l - g i l * g j k)"
Assumption_weyl_trace_free,def,Phase1/YangMills/CurvatureDecomposition.lean,89,False,False,1,PARKED,: Prop
weyl_trace_free,theorem,Phase1/YangMills/CurvatureDecomposition.lean,91,False,False,0,PARKED,"(g : RiemannianMetric M) (h_weyl_trace_free : Assumption_weyl_trace_free) : ∀ (i j : Fin n), ∑ k, (g.inverse k k) * W[g] i k j k = 0"
Assumption_weyl_vanishes_dim3,def,Phase1/YangMills/CurvatureDecomposition.lean,99,False,False,1,PARKED,: Prop
weyl_vanishes_dim3,theorem,Phase1/YangMills/CurvatureDecomposition.lean,101,False,False,0,PARKED,"(g : RiemannianMetric M) (h : n = 3) (h_weyl_vanishes_dim3 : Assumption_weyl_vanishes_dim3) : ∀ (i j k l : Fin n), W[g] i j k l = 0"
Assumption_decomposition_orthogonal,def,Phase1/YangMills/CurvatureDecomposition.lean,110,False,False,1,PARKED,: Prop
decomposition_orthogonal,theorem,Phase1/YangMills/CurvatureDecomposition.lean,112,False,False,0,PARKED,"(g : RiemannianMetric M) (h_decomposition_orthogonal : Assumption_decomposition_orthogonal) : ⟨W[g], Ric[g]⟩ = 0 ∧ ⟨W[g], R[g]⟩ = 0 ∧ ⟨Ric[g], R[g]⟩ = 0"
Assumption_weyl_conformal_invariance_4d,def,Phase1/YangMills/CurvatureDecomposition.lean,120,False,False,1,PARKED,: Prop
weyl_conformal_invariance_4d,theorem,Phase1/YangMills/CurvatureDecomposition.lean,123,False,False,0,PARKED,"(g g' : RiemannianMetric M) (h : n = 4) (h_conf : ∃ φ : M → ℝ, ∀ x, g' x = (exp (2*φ x)) * g x) (h_weyl_conformal_invariance_4d : Assumption_weyl_conformal_invariance_4d) : ∀ (i j k l : Fin 4), W[g] i j k l = W[g'] i j k l"
Assumption_curvature_decomposition_S4,def,Phase1/YangMills/CurvatureDecomposition.lean,133,False,False,1,PARKED,: Prop
curvature_decomposition_S4,theorem,Phase1/YangMills/CurvatureDecomposition.lean,138,False,False,0,PARKED,"(g : RiemannianMetric M) (h : n = 4) (h_sphere : ∀ x, R[g] x = 12/r²) : ∀ (i j k l : Fin 4), riemannTensor g i j k l = W[g] i j k l + (1/r²) * (g i k * g j l - g i l * g j k) (h_curvature_decomposition_S4 : Assumption_curvature_decomposition_S4)"
curvature_decomposition_axiom,axiom,Phase1/YangMills/CurvatureDecomposition.lean,148,False,False,0,PARKED,"{M : Type*} [SmoothManifold M] [RiemannianManifold M] : ∃ (decomposition : Type), True"
ExpDecay,structure,Phase1/YangMills/Decomposition.lean,42,False,False,6,PARKED,(Gconn : ℝ≥0 → ℝ) (C m : ℝ) : Prop
cluster_decomposition,theorem,Phase1/YangMills/Decomposition.lean,53,False,False,4,PARKED,{Gconn : ℝ≥0 → ℝ} {C m : ℝ} (h : ExpDecay Gconn C m) : Tendsto Gconn atTop (𝓝 0)
mass_gap_implies_cluster,theorem,Phase1/YangMills/Decomposition.lean,80,False,False,1,PARKED,"{Gconn : ℝ≥0 → ℝ} {C m : ℝ} (h : ExpDecay Gconn C m) : ∀ ε > 0, ∃ R₀ : ℝ≥0, ∀ R ≥ R₀, |Gconn R| < ε"
confinement_signature,theorem,Phase1/YangMills/Decomposition.lean,93,False,False,1,PARKED,"{Gconn : ℝ≥0 → ℝ} {C m : ℝ} (h : ExpDecay Gconn C m) : ∀ R : ℝ≥0, |Gconn R| ≤ C * Real.exp (-(m) * (R : ℝ))"
factorization_at_infinity,theorem,Phase1/YangMills/Decomposition.lean,99,False,False,0,PARKED,{Gconn : ℝ≥0 → ℝ} {C m : ℝ} (h : ExpDecay Gconn C m) : Tendsto Gconn atTop (𝓝 0)
HasMassGap,def,Phase1/YangMills/Decomposition.lean,107,False,False,1,PARKED,(m : ℝ) : Prop
mass_gap_structure,theorem,Phase1/YangMills/Decomposition.lean,110,False,False,0,PARKED,"{m : ℝ} (hm : HasMassGap m) : ∃ C ≥ 0, ∀ Gconn : ℝ≥0 → ℝ, (∀ R, |Gconn R| ≤ C * Real.exp (-(m) * (R : ℝ))) → Tendsto Gconn atTop (𝓝 0)"
lattice_size,def,Phase1/YangMills/EntropicPrinciple_Integrated.lean,93,False,False,6,PARKED,: ℝ
S_VN_UV,def,Phase1/YangMills/EntropicPrinciple_Integrated.lean,96,False,False,25,PARKED,: ℝ
I_UV_IR,def,Phase1/YangMills/EntropicPrinciple_Integrated.lean,99,False,False,25,PARKED,: ℝ
entropy_loss,def,Phase1/YangMills/EntropicPrinciple_Integrated.lean,102,False,False,28,PARKED,: ℝ
predicted_mass_gap,def,Phase1/YangMills/EntropicPrinciple_Integrated.lean,105,False,False,35,PARKED,: ℝ
experimental_mass_gap,def,Phase1/YangMills/EntropicPrinciple_Integrated.lean,108,False,False,38,PARKED,: ℝ
vacuum_sector_index,def,Phase1/YangMills/EntropicPrinciple_Integrated.lean,111,False,False,10,PARKED,: ℝ
agreement_percentage,def,Phase1/YangMills/EntropicPrinciple_Integrated.lean,114,False,False,5,PARKED,: ℝ
entropy_functional_local,def,Phase1/YangMills/EntropicPrinciple_Integrated.lean,136,False,False,5,PARKED,(ρ_UV ρ_IR : DensityMatrix) (yang_mills_action : ℝ) (λ_coupling : ℝ) : ℝ
suppresses_gribov_copies_entropic,def,Phase1/YangMills/EntropicPrinciple_Integrated.lean,153,False,False,22,PARKED,(M : Manifold) (A : GaugeField M) (Δ : ℝ) : Prop
thermodynamic_sector_locking,def,Phase1/YangMills/EntropicPrinciple_Integrated.lean,173,False,False,26,PARKED,(M : Manifold) (A : GaugeField M) (k : ℝ) : Prop
axiom_entropic_mass_gap_principle,axiom,Phase1/YangMills/EntropicPrinciple_Integrated.lean,232,False,False,10,PARKED,"(M : Manifold) (A : GaugeField M) : ∃ (Δ : ℝ), -- 1. Mass gap is positive Δ > 0 ∧ -- 2. Mass gap follows from entropic formula: Δ² = (2π/L)² × ΔS ∃ (L ΔS : ℝ), L > 0 ∧ ΔS > 0 ∧ Δ^2 = (2 * Real.pi / L)^2 * ΔS ∧ -- 3. This suppresses Gribov copies suppresses_gribov_copies_entropic M A Δ ∧ -- 4. Vacuum locks in single sector ∃ (k : ℝ), thermodynamic_sector_locking M A k"
theorem_entropic_implies_geometric,theorem,Phase1/YangMills/EntropicPrinciple_Integrated.lean,291,False,False,12,PARKED,"(M : Manifold) (A : GaugeField M) : (∃ (Δ : ℝ), Δ > 0 ∧ ∃ (L ΔS : ℝ), L > 0 ∧ ΔS > 0 ∧ Δ^2 = (2 * Real.pi / L)^2 * ΔS ∧ suppresses_gribov_copies_entropic M A Δ ∧ ∃ (k : ℝ), thermodynamic_sector_locking M A k) → (∃ (cancellation : Prop), cancellation)"
entropic_subsumes_geometric,theorem,Phase1/YangMills/EntropicPrinciple_Integrated.lean,321,False,False,6,PARKED,"(M : Manifold) (A : GaugeField M) : axiom_entropic_mass_gap_principle M A → (∃ (cancellation : Prop), cancellation)"
mass_gap_numerical_consistency,theorem,Phase1/YangMills/EntropicPrinciple_Integrated.lean,335,False,False,8,PARKED,: abs (predicted_mass_gap - experimental_mass_gap) / experimental_mass_gap < 0.02
entropy_loss_positive,theorem,Phase1/YangMills/EntropicPrinciple_Integrated.lean,351,False,False,8,PARKED,: entropy_loss > 0
zero_pairing_rate_expected,theorem,Phase1/YangMills/EntropicPrinciple_Integrated.lean,380,False,False,8,PARKED,(M : Manifold) (A : GaugeField M) : axiom_entropic_mass_gap_principle M A → -- Zero pairing rate is consistent with (and predicted by) the theory True
axiom_holographic_consistency,axiom,Phase1/YangMills/EntropicPrinciple_Integrated.lean,407,False,False,5,PARKED,": ∃ (α_predicted α_measured : ℝ), α_predicted = 0.25 ∧ α_measured = 0.26 ∧ abs (α_predicted - α_measured) / α_predicted < 0.05"
Manifold,axiom,Phase1/YangMills/EntropicPrinciple_Standalone.lean,45,True,False,58,UNKNOWN,: Type
GaugeField,axiom,Phase1/YangMills/EntropicPrinciple_Standalone.lean,48,True,False,63,UNKNOWN,: Type
Connection,axiom,Phase1/YangMills/EntropicPrinciple_Standalone.lean,51,True,False,169,UNKNOWN,: Type
DensityMatrix,axiom,Phase1/YangMills/EntropicPrinciple_Standalone.lean,54,True,False,31,UNKNOWN,: Type
von_neumann_entropy,axiom,Phase1/YangMills/EntropicPrinciple_Standalone.lean,57,True,False,15,UNKNOWN,: DensityMatrix → ℝ
mutual_information,axiom,Phase1/YangMills/EntropicPrinciple_Standalone.lean,60,True,False,12,UNKNOWN,: DensityMatrix → DensityMatrix → ℝ
S_VN_UV,def,Phase1/YangMills/EntropicPrinciple_Standalone.lean,65,True,False,25,UNKNOWN,: ℝ
I_UV_IR,def,Phase1/YangMills/EntropicPrinciple_Standalone.lean,68,True,False,25,UNKNOWN,: ℝ
entropy_loss,def,Phase1/YangMills/EntropicPrinciple_Standalone.lean,71,True,False,28,UNKNOWN,: ℝ
predicted_mass_gap,def,Phase1/YangMills/EntropicPrinciple_Standalone.lean,74,True,False,35,UNKNOWN,: ℝ
experimental_mass_gap,def,Phase1/YangMills/EntropicPrinciple_Standalone.lean,77,True,False,38,UNKNOWN,: ℝ
agreement_percentage,def,Phase1/YangMills/EntropicPrinciple_Standalone.lean,80,True,False,5,UNKNOWN,: ℝ
vacuum_sector_index,def,Phase1/YangMills/EntropicPrinciple_Standalone.lean,83,True,False,10,UNKNOWN,: ℝ
alpha_predicted,def,Phase1/YangMills/EntropicPrinciple_Standalone.lean,88,True,False,10,UNKNOWN,: ℝ
alpha_measured,def,Phase1/YangMills/EntropicPrinciple_Standalone.lean,91,True,False,13,UNKNOWN,: ℝ
holographic_agreement,def,Phase1/YangMills/EntropicPrinciple_Standalone.lean,94,True,False,1,UNKNOWN,: ℝ
theorem_entropic_implies_geometric,theorem,Phase1/YangMills/EntropicPrinciple_Standalone.lean,110,True,False,12,UNKNOWN,: (entropy_loss > 0 → predicted_mass_gap > 0) → (True → True)
entropic_subsumes_geometric,theorem,Phase1/YangMills/EntropicPrinciple_Standalone.lean,129,True,False,6,UNKNOWN,: (entropy_loss > 0 ∧ predicted_mass_gap > 0) ↔ True
mass_gap_numerical_consistency,theorem,Phase1/YangMills/EntropicPrinciple_Standalone.lean,164,True,False,8,DUPLICATE_CANDIDATE,: abs (predicted_mass_gap - experimental_mass_gap) / experimental_mass_gap < 0.02
entropy_loss_positive,theorem,Phase1/YangMills/EntropicPrinciple_Standalone.lean,192,True,False,8,UNKNOWN,: entropy_loss > 0
holographic_scaling_agreement,theorem,Phase1/YangMills/EntropicPrinciple_Standalone.lean,223,True,False,1,DUPLICATE_CANDIDATE,: abs (alpha_predicted - alpha_measured) / alpha_predicted < 0.05
holographic_validates_entropic,theorem,Phase1/YangMills/EntropicPrinciple_Standalone.lean,251,True,False,1,UNKNOWN,": ∃ α : ℝ, α > 0 ∧ α < 1 ∧ α = alpha_measured"
zero_pairing_rate_expected,theorem,Phase1/YangMills/EntropicPrinciple_Standalone.lean,284,True,False,8,UNKNOWN,: True
Manifold,axiom,Phase1/YangMills/EntropicTest.lean,12,True,False,58,UNKNOWN,: Type axiom GaugeField : Manifold → Type axiom DensityMatrix : Type
GaugeField,axiom,Phase1/YangMills/EntropicTest.lean,13,True,False,63,UNKNOWN,: Manifold → Type axiom DensityMatrix : Type
DensityMatrix,axiom,Phase1/YangMills/EntropicTest.lean,14,True,False,31,UNKNOWN,: Type
von_neumann_entropy,axiom,Phase1/YangMills/EntropicTest.lean,17,True,False,15,UNKNOWN,: DensityMatrix → ℝ axiom mutual_information : DensityMatrix → DensityMatrix → ℝ
mutual_information,axiom,Phase1/YangMills/EntropicTest.lean,18,True,False,12,UNKNOWN,: DensityMatrix → DensityMatrix → ℝ
lattice_size,def,Phase1/YangMills/EntropicTest.lean,21,True,False,6,UNKNOWN,: ℝ
S_VN_UV,def,Phase1/YangMills/EntropicTest.lean,22,True,False,25,UNKNOWN,: ℝ
I_UV_IR,def,Phase1/YangMills/EntropicTest.lean,23,True,False,25,UNKNOWN,: ℝ
entropy_loss,def,Phase1/YangMills/EntropicTest.lean,24,True,False,28,UNKNOWN,: ℝ
predicted_mass_gap,def,Phase1/YangMills/EntropicTest.lean,25,True,False,35,UNKNOWN,: ℝ
experimental_mass_gap,def,Phase1/YangMills/EntropicTest.lean,26,True,False,38,UNKNOWN,: ℝ
entropy_functional_local,def,Phase1/YangMills/EntropicTest.lean,29,True,False,5,DUPLICATE_CANDIDATE,(ρ_UV ρ_IR : DensityMatrix) (yang_mills_action : ℝ) (lambda_coupling : ℝ) : ℝ
suppresses_gribov_copies_entropic,def,Phase1/YangMills/EntropicTest.lean,34,True,False,22,DUPLICATE_CANDIDATE,(M : Manifold) (_ : GaugeField M) (Δ : ℝ) : Prop
thermodynamic_sector_locking,def,Phase1/YangMills/EntropicTest.lean,37,True,False,26,UNKNOWN,(M : Manifold) (_ : GaugeField M) (_ : ℝ) : Prop
zero_pairing_rate_expected,theorem,Phase1/YangMills/EntropicTest.lean,41,True,False,8,DUPLICATE_CANDIDATE,"(M : Manifold) (A : GaugeField M) (_ : ∃ (Δ : ℝ), Δ > 0 ∧ ∃ (L ΔS : ℝ), L > 0 ∧ ΔS > 0 ∧ Δ^2 = (2 * Real.pi / L)^2 * ΔS ∧ suppresses_gribov_copies_entropic M A Δ ∧ ∃ (k : ℝ), thermodynamic_sector_locking M A k) : True"
mass_gap_numerical_consistency,theorem,Phase1/YangMills/EntropicTest.lean,52,True,False,8,DUPLICATE_CANDIDATE,: abs (predicted_mass_gap - experimental_mass_gap) / experimental_mass_gap < 0.02
entropy_loss_positive,theorem,Phase1/YangMills/EntropicTest.lean,60,True,False,8,UNKNOWN,: entropy_loss > 0
DensityMatrix,structure,Phase1/YangMills/Entropy/ScaleSeparation.lean,52,False,False,31,PARKED,"where matrix : ℝ → ℝ → ℝ positive : Prop -- ∀ ψ, ⟨ψ|ρ|ψ⟩ ≥ 0 normalized : Prop -- Tr(ρ) = 1"
axiom_von_neumann_entropy_formula,axiom,Phase1/YangMills/Entropy/ScaleSeparation.lean,95,False,False,1,PARKED,"(ρ : DensityMatrix) : ∃ (eigenvalues : ℕ → ℝ), von_neumann_entropy ρ = -∑' i, (eigenvalues i) * Real.log (eigenvalues i)"
axiom_mutual_information_formula,axiom,Phase1/YangMills/Entropy/ScaleSeparation.lean,135,False,False,1,PARKED,"(ρ_A ρ_B : DensityMatrix) : ∃ (ρ_AB : DensityMatrix), mutual_information ρ_A ρ_B = von_neumann_entropy ρ_A + von_neumann_entropy ρ_B - von_neumann_entropy ρ_AB"
axiom_uv_density_matrix_via_trace,axiom,Phase1/YangMills/Entropy/ScaleSeparation.lean,178,False,False,1,PARKED,"{G : Type*} (A : Connection G) (cutoff : ℝ) : ∃ (total_state : QuantumState), density_matrix_UV A cutoff = partial_trace_IR total_state cutoff"
axiom_ir_density_matrix_via_trace,axiom,Phase1/YangMills/Entropy/ScaleSeparation.lean,221,False,False,0,PARKED,"{G : Type*} (A : Connection G) (cutoff : ℝ) : ∃ (total_state : QuantumState), density_matrix_IR A cutoff = partial_trace_UV total_state cutoff"
axiom_field_strength_definition,axiom,Phase1/YangMills/Entropy/ScaleSeparation.lean,259,False,False,0,PARKED,"{G : Type*} (A : Connection G) : ∀ μ ν, field_strength A μ ν = (partial_derivative μ (A ν)) - (partial_derivative ν (A μ)) + (commutator (A μ) (A ν))"
axiom_yang_mills_action_definition,axiom,Phase1/YangMills/Entropy/ScaleSeparation.lean,303,False,False,0,PARKED,{G : Type*} (A : Connection G) : yang_mills_action A = (1/4) * integral_over_spacetime (trace_of_field_strength_squared A)
axiom_spectrum_definition,axiom,Phase1/YangMills/Entropy/ScaleSeparation.lean,346,False,False,0,PARKED,"{G : Type*} (A : Connection G) : spectrum A = {E : ℝ | ∃ ψ : WaveFunction, (hamiltonian A) ψ = E • ψ}"
axiom_mass_gap_definition,axiom,Phase1/YangMills/Entropy/ScaleSeparation.lean,393,False,False,0,PARKED,"{G : Type*} (A : Connection G) : ∃ (E_0 E_1 : ℝ), E_0 ∈ spectrum A ∧ E_1 ∈ spectrum A ∧ (∀ E ∈ spectrum A, E ≥ E_0) ∧ -- E_0 is ground state (∀ E ∈ spectrum A, E > E_0 → E ≥ E_1) ∧ -- E_1 is first excited state mass_gap A = E_1 - E_0"
axiom_ryu_takayanagi_formula,axiom,Phase1/YangMills/Entropy/ScaleSeparation.lean,447,False,False,0,PARKED,"(boundary_region : Set ℝ) : ∃ (minimal_surface_area : ℝ) (newton_constant : ℝ), holographic_entropy boundary_region = minimal_surface_area / (4 * newton_constant)"
von_neumann_entropy,def,Phase1/YangMills/Entropy/ScaleSeparation.lean,454,False,False,15,PARKED,(ρ : DensityMatrix) : ℝ
mutual_information,def,Phase1/YangMills/Entropy/ScaleSeparation.lean,458,False,False,12,PARKED,(ρ_A ρ_B : DensityMatrix) : ℝ
density_matrix_UV,def,Phase1/YangMills/Entropy/ScaleSeparation.lean,465,False,False,2,PARKED,{G : Type*} (A : Connection G) (cutoff : ℝ) : DensityMatrix
density_matrix_IR,def,Phase1/YangMills/Entropy/ScaleSeparation.lean,470,False,False,2,PARKED,{G : Type*} (Content truncated due to size limit. Use page ranges or line ranges to read remaining content)
GaugeTransformation,axiom,Phase1/YangMills/Equivalence.lean,41,False,False,15,PARKED,: Type* axiom GaugeTransformation.smul {α : Type*} : GaugeTransformation → α → α
GaugeTransformation.smul,axiom,Phase1/YangMills/Equivalence.lean,42,False,False,1,PARKED,{α : Type*} : GaugeTransformation → α → α
BRSTComplex,structure,Phase1/YangMills/Equivalence.lean,47,False,False,20,PARKED,"where /-- Graded modules by ghost number -/ obj : ℤ → Type* /-- Each level is a real vector space -/ [mod : ∀ n, AddCommGroup (obj n)] [vec : ∀ n, Module ℝ (obj n)] /-- BRST differential Q: degree +1 -/ Q : ∀ n, obj n →ₗ[ℝ] obj (n + 1) /-- Nilpotency: Q² = 0 (SIMPLIFIED!) -/ Q_squared : ∀ n, (Q (n + 1)).comp (Q n) = 0"
Cohomology,def,Phase1/YangMills/Equivalence.lean,63,False,False,1,PARKED,(C : BRSTComplex) (n : ℤ) : Type*
PhysicalObservable,structure,Phase1/YangMills/Equivalence.lean,71,False,False,9,PARKED,(C : BRSTComplex) where /-- Observable at ghost number 0 -/ O : C.obj 0 /-- BRST-closed: Q O = 0 -/ closed : C.Q 0 O = 0
Quartet,structure,Phase1/YangMills/Equivalence.lean,80,False,False,1,PARKED,(C : BRSTComplex) (n : ℤ) where /-- Positive ghost mode -/ ghost : C.obj n /-- Paired unphysical mode -/ unphys : C.obj (n - 1) /-- Pairing: Q unphys = ghost -/ pairing : C.Q (n - 1) unphys = ghost
HasQuartetDecomp,structure,Phase1/YangMills/Equivalence.lean,89,False,False,20,PARKED,"(C : BRSTComplex) : Prop where /-- For each n > 0, space decomposes into quartets -/ decomp : ∀ n > 0, ∃ (physical : Submodule ℝ (C.obj n)) (quartets : Finset (Quartet C n)), C.obj n ≃ₗ[ℝ] physical ⊕ (⨁ q ∈ quartets, ℝ)"
ContractingHomotopy,structure,Phase1/YangMills/Equivalence.lean,98,False,False,1,PARKED,"(C : BRSTComplex) where /-- Homotopy operator h: degree -1 -/ h : ∀ n, C.obj n →ₗ[ℝ] C.obj (n - 1) /-- Homotopy identity: Q h + h Q = id on n > 0 -/ identity : ∀ n > 0, (C.Q n).comp (h n) + (h (n + 1)).comp (C.Q n) = LinearMap.id"
quartet_to_homotopy,axiom,Phase1/YangMills/Equivalence.lean,109,False,False,0,PARKED,(C : BRSTComplex) (hq : HasQuartetDecomp C) : ContractingHomotopy C
Assumption_H0_equiv_physical,def,Phase1/YangMills/Equivalence.lean,118,False,False,1,PARKED,: Prop
H0_equiv_physical,theorem,Phase1/YangMills/Equivalence.lean,120,False,False,2,PARKED,(C : BRSTComplex) (h_H0_equiv_physical : Assumption_H0_equiv_physical) : H^0(Q) ≃ₗ[ℝ] PhysicalObservable C
Assumption_vanishing_positive_degrees,def,Phase1/YangMills/Equivalence.lean,129,False,False,1,PARKED,: Prop
vanishing_positive_degrees,theorem,Phase1/YangMills/Equivalence.lean,131,False,False,3,PARKED,"(C : BRSTComplex) (hq : HasQuartetDecomp C) (h_vanishing_positive_degrees : Assumption_vanishing_positive_degrees) : ∀ n > 0, H^n(Q) ≃ₗ[ℝ] 0"
brst_cohomology_equivalence,theorem,Phase1/YangMills/Equivalence.lean,141,False,False,0,PARKED,"(C : BRSTComplex) (hq : HasQuartetDecomp C) : (H^0(Q) ≃ₗ[ℝ] PhysicalObservable C) ∧ (∀ n > 0, H^n(Q) ≃ₗ[ℝ] 0)"
Assumption_physical_are_gauge_invariant,def,Phase1/YangMills/Equivalence.lean,155,False,False,1,PARKED,: Prop
physical_are_gauge_invariant,theorem,Phase1/YangMills/Equivalence.lean,157,False,False,0,PARKED,"(C : BRSTComplex) (O : PhysicalObservable C) (h_physical_are_gauge_invariant : Assumption_physical_are_gauge_invariant) : ∀ (g : GaugeTransformation), g • O.O = O.O"
Assumption_vanishing_negative_degrees,def,Phase1/YangMills/Equivalence.lean,165,False,False,1,PARKED,: Prop
no_anomalies,theorem,Phase1/YangMills/Equivalence.lean,169,False,False,0,PARKED,"(C : BRSTComplex) (hq : HasQuartetDecomp C) (h_vanishing_negative_degrees : Assumption_vanishing_negative_degrees) : ∀ n ≠ 0, H^n(Q) ≃ₗ[ℝ] 0"
LieAlgebra,axiom,Phase1/YangMills/FieldEquations.lean,41,False,False,13,PARKED,: Type → Type* axiom SU3 : Type*
SU3,axiom,Phase1/YangMills/FieldEquations.lean,42,False,False,0,PARKED,: Type*
exteriorDerivative,axiom,Phase1/YangMills/FieldEquations.lean,45,False,False,7,PARKED,{M : Type*} : (M → LieAlgebra SU3) → (M → LieAlgebra SU3) axiom exteriorDerivative_add {M : Type*} (F G : M → LieAlgebra SU3) : exteriorDerivative (F + G) = exteriorDerivative F + exteriorDerivative G axiom exteriorDerivative_smul {M : Type*} (r : ℝ) (F : M → LieAlgebra SU3) : exteriorDerivative (r • F) = r • exteriorDerivative F
exteriorDerivative_add,axiom,Phase1/YangMills/FieldEquations.lean,46,False,False,1,PARKED,{M : Type*} (F G : M → LieAlgebra SU3) : exteriorDerivative (F + G) = exteriorDerivative F + exteriorDerivative G axiom exteriorDerivative_smul {M : Type*} (r : ℝ) (F : M → LieAlgebra SU3) : exteriorDerivative (r • F) = r • exteriorDerivative F
exteriorDerivative_smul,axiom,Phase1/YangMills/FieldEquations.lean,48,False,False,1,PARKED,{M : Type*} (r : ℝ) (F : M → LieAlgebra SU3) : exteriorDerivative (r • F) = r • exteriorDerivative F
lie_bracket,axiom,Phase1/YangMills/FieldEquations.lean,52,False,False,2,PARKED,{M : Type*} : (M → LieAlgebra SU3) → (M → LieAlgebra SU3) → (M → LieAlgebra SU3)
hodge_star,axiom,Phase1/YangMills/FieldEquations.lean,55,False,False,2,PARKED,{M : Type*} : (M → LieAlgebra SU3) → (M → LieAlgebra SU3) axiom hodge_star_inv {M : Type*} : Curv M → M → LieAlgebra SU3
hodge_star_inv,axiom,Phase1/YangMills/FieldEquations.lean,56,False,False,1,PARKED,{M : Type*} : Curv M → M → LieAlgebra SU3
laplacian_A,axiom,Phase1/YangMills/FieldEquations.lean,59,False,False,2,PARKED,{M : Type*} [TopologicalSpace M] : Conn M → Curv M → Curv M axiom ricci_term {M : Type*} [TopologicalSpace M] : Conn M → Curv M → Curv M
ricci_term,axiom,Phase1/YangMills/FieldEquations.lean,60,False,False,2,PARKED,{M : Type*} [TopologicalSpace M] : Conn M → Curv M → Curv M
Conn.evolve,axiom,Phase1/YangMills/FieldEquations.lean,63,False,False,0,PARKED,{M : Type*} : Conn M → ℝ → Conn M axiom Conn.initial {M : Type*} : Conn M → M → LieAlgebra SU3
Conn.initial,axiom,Phase1/YangMills/FieldEquations.lean,64,False,False,0,PARKED,{M : Type*} : Conn M → M → LieAlgebra SU3
MatterField,axiom,Phase1/YangMills/FieldEquations.lean,67,False,False,3,PARKED,: Type* → Type* axiom noether_current {M : Type*} : Conn M → MatterField M → Curv M
noether_current,axiom,Phase1/YangMills/FieldEquations.lean,68,False,False,2,PARKED,{M : Type*} : Conn M → MatterField M → Curv M
Conn,structure,Phase1/YangMills/FieldEquations.lean,71,False,True,52,PARKED,(M : Type*) where /-- Connection 1-form values -/ ω : M → LieAlgebra SU3 /-- Smoothness -/ smooth : Continuous ω
Curv,structure,Phase1/YangMills/FieldEquations.lean,78,False,True,15,PARKED,(M : Type*) where /-- Curvature values -/ F : M → LieAlgebra SU3 /-- Smoothness -/ smooth : Continuous F
dA,def,Phase1/YangMills/FieldEquations.lean,89,False,True,0,PARKED,(A : Conn M) : Curv M →ₗ[ℝ] Curv M where toFun
dA_adjoint,def,Phase1/YangMills/FieldEquations.lean,97,False,True,1,PARKED,(A : Conn M) : Curv M →ₗ[ℝ] Curv M where toFun
FA,def,Phase1/YangMills/FieldEquations.lean,110,False,True,0,PARKED,(A : Conn M) : Curv M
Bianchi,def,Phase1/YangMills/FieldEquations.lean,118,False,False,4,PARKED,(A : Conn M) : Prop
Assumption_bianchi_identity,def,Phase1/YangMills/FieldEquations.lean,124,False,False,1,PARKED,: Prop
bianchi_identity,theorem,Phase1/YangMills/FieldEquations.lean,126,False,False,1,PARKED,(A : Conn M) (h_bianchi_identity : Assumption_bianchi_identity) : Bianchi A
YMSystem,structure,Phase1/YangMills/FieldEquations.lean,133,False,False,11,PARKED,"(A : Conn M) where /-- Source term (e.g., matter fields) -/ J : Curv M /-- Yang-Mills equation: d_A† F_A = J -/ ym_eq : (d_A† (FA A)) = J /-- Source conservation: d_A J = 0 -/ conserved : (d_A J) = 0"
Assumption_dA_dA_adjoint_identity,def,Phase1/YangMills/FieldEquations.lean,146,False,False,1,PARKED,: Prop
dA_dA_adjoint_identity,lemma,Phase1/YangMills/FieldEquations.lean,148,False,False,0,PARKED,(A : Conn M) (F : Curv M) (h_dA_dA_adjoint_identity : Assumption_dA_dA_adjoint_identity) : d_A (d_A† F) = laplacian_A A F - ricci_term A F
consistency_of_equations,theorem,Phase1/YangMills/FieldEquations.lean,154,False,False,1,PARKED,(A : Conn M) (sys : YMSystem A) : d_A (d_A† (FA A)) = 0
consistency_explicit,theorem,Phase1/YangMills/FieldEquations.lean,165,False,False,0,PARKED,(A : Conn M) (sys : YMSystem A) (hB : Bianchi A) : d_A (d_A† (FA A)) = 0
GaugeCondition,structure,Phase1/YangMills/FieldEquations.lean,182,False,False,3,PARKED,"(M : Type*) where /-- Gauge condition G(A) = 0 -/ G : Conn M → Curv M /-- Linearity -/ linear : ∀ A B t, G (t • A + (1-t) • B) = t • G A + (1-t) • G B"
GaugeCompatible,def,Phase1/YangMills/FieldEquations.lean,189,False,False,4,PARKED,(gc : GaugeCondition M) (A : Conn M) : Prop
Assumption_gauge_fixing_preserved,def,Phase1/YangMills/FieldEquations.lean,194,False,False,1,PARKED,: Prop
gauge_fixing_preserved,theorem,Phase1/YangMills/FieldEquations.lean,200,False,False,0,PARKED,"(A : Conn M) (sys : YMSystem A) (gc : GaugeCondition M) (h_compat : GaugeCompatible gc A) (h_time : ∀ t, YMSystem (A.evolve t)) : -- A evolves via YM ∀ t, GaugeCompatible gc (A.evolve t) (h_gauge_fixing_preserved : Assumption_gauge_fixing_preserved)"
Assumption_unique_solution,def,Phase1/YangMills/FieldEquations.lean,213,False,False,1,PARKED,: Prop
unique_solution,theorem,Phase1/YangMills/FieldEquations.lean,218,False,False,0,PARKED,(A₁ A₂ : Conn M) (sys₁ : YMSystem A₁) (sys₂ : YMSystem A₂) (h_same_J : sys₁.J = sys₂.J) (h_same_init : A₁.initial = A₂.initial) (h_unique_solution : Assumption_unique_solution) : A₁ = A₂
Assumption_physical_current_conserved,def,Phase1/YangMills/FieldEquations.lean,230,False,False,1,PARKED,: Prop
physical_current_conserved,theorem,Phase1/YangMills/FieldEquations.lean,232,False,False,0,PARKED,(A : Conn M) (ψ : MatterField M) (h_physical_current_conserved : Assumption_physical_current_conserved) : d_A (noether_current A ψ) = 0
mass_gap_infinite,def,Phase1/YangMills/FiniteSizeEffects.lean,81,False,False,10,PARKED,: ℝ
hbar_c,def,Phase1/YangMills/FiniteSizeEffects.lean,87,False,False,8,PARKED,: ℝ
mass_gap_L_24,def,Phase1/YangMills/FiniteSizeEffects.lean,93,False,False,2,PARKED,: ℝ
mass_gap_L_28,def,Phase1/YangMills/FiniteSizeEffects.lean,98,False,False,3,PARKED,: ℝ
mass_gap_L_32,def,Phase1/YangMills/FiniteSizeEffects.lean,104,False,False,5,PARKED,: ℝ
mass_gap_L_36,def,Phase1/YangMills/FiniteSizeEffects.lean,111,False,False,5,PARKED,: ℝ
L_24,def,Phase1/YangMills/FiniteSizeEffects.lean,114,False,False,0,PARKED,: ℝ
L_28,def,Phase1/YangMills/FiniteSizeEffects.lean,117,False,False,0,PARKED,: ℝ
L_32,def,Phase1/YangMills/FiniteSizeEffects.lean,120,False,False,4,PARKED,: ℝ
L_36,def,Phase1/YangMills/FiniteSizeEffects.lean,123,False,False,0,PARKED,: ℝ
temporal_extent,def,Phase1/YangMills/FiniteSizeEffects.lean,131,False,False,2,PARKED,: ℝ
luscher_threshold,def,Phase1/YangMills/FiniteSizeEffects.lean,139,False,False,2,PARKED,: ℝ
finite_volume_correction_L_32_small,theorem,Phase1/YangMills/FiniteSizeEffects.lean,167,False,False,0,PARKED,: abs (mass_gap_L_32 - mass_gap_infinite) / mass_gap_infinite < 0.01
luscher_criterion_L_32,theorem,Phase1/YangMills/FiniteSizeEffects.lean,201,False,False,0,PARKED,: mass_gap_infinite * L_32 / hbar_c > luscher_threshold
aspect_ratio_adequate,theorem,Phase1/YangMills/FiniteSizeEffects.lean,236,False,False,0,PARKED,: temporal_extent / L_32 > 1.5
monotonic_convergence_with_volume,theorem,Phase1/YangMills/FiniteSizeEffects.lean,271,False,False,0,PARKED,: mass_gap_L_24 < mass_gap_L_28 ∧ mass_gap_L_28 < mass_gap_L_32 ∧ mass_gap_L_32 < mass_gap_L_36 ∧ mass_gap_L_36 < mass_gap_infinite
rapid_convergence_L_36,theorem,Phase1/YangMills/FiniteSizeEffects.lean,307,False,False,0,PARKED,: abs (mass_gap_L_36 - mass_gap_infinite) / mass_gap_infinite < 0.005
det_fp_min,def,Phase1/YangMills/Gap1/BRSTMeasure.lean,91,True,False,2,UNKNOWN,: ℝ
success_rate,def,Phase1/YangMills/Gap1/BRSTMeasure.lean,94,True,False,2,UNKNOWN,: ℝ
p_min,def,Phase1/YangMills/Gap1/BRSTMeasure.lean,99,True,False,0,UNKNOWN,: ℝ
G_ghost_p_min,def,Phase1/YangMills/Gap1/BRSTMeasure.lean,108,True,False,2,UNKNOWN,: ℝ
ir_finite_threshold,def,Phase1/YangMills/Gap1/BRSTMeasure.lean,111,True,False,2,UNKNOWN,: ℝ
D_gluon_01,def,Phase1/YangMills/Gap1/BRSTMeasure.lean,119,True,False,2,UNKNOWN,: ℝ
D_gluon_05,def,Phase1/YangMills/Gap1/BRSTMeasure.lean,125,True,False,2,UNKNOWN,: ℝ
lambda_0_min,def,Phase1/YangMills/Gap1/BRSTMeasure.lean,136,True,False,2,UNKNOWN,: ℝ
lambda_0_mean,def,Phase1/YangMills/Gap1/BRSTMeasure.lean,139,True,False,0,UNKNOWN,: ℝ
lambda_0_max,def,Phase1/YangMills/Gap1/BRSTMeasure.lean,142,True,False,0,UNKNOWN,: ℝ
Q_squared_max,def,Phase1/YangMills/Gap1/BRSTMeasure.lean,151,True,False,2,UNKNOWN,: ℝ
Q_squared_mean,def,Phase1/YangMills/Gap1/BRSTMeasure.lean,154,True,False,0,UNKNOWN,: ℝ
nilpotency_threshold,def,Phase1/YangMills/Gap1/BRSTMeasure.lean,157,True,False,2,UNKNOWN,: ℝ
brst_measure_positive,theorem,Phase1/YangMills/Gap1/BRSTMeasure.lean,183,True,False,0,UNKNOWN,: det_fp_min > 0 ∧ success_rate = 1.0
ghost_propagator_ir_finite,theorem,Phase1/YangMills/Gap1/BRSTMeasure.lean,219,True,False,0,UNKNOWN,: G_ghost_p_min < ir_finite_threshold
gluon_propagator_ir_suppressed,theorem,Phase1/YangMills/Gap1/BRSTMeasure.lean,252,True,False,0,UNKNOWN,: D_gluon_01 < D_gluon_05
horizon_condition_satisfied,theorem,Phase1/YangMills/Gap1/BRSTMeasure.lean,283,True,False,0,UNKNOWN,: lambda_0_min > 0
brst_charge_nilpotent,theorem,Phase1/YangMills/Gap1/BRSTMeasure.lean,314,True,False,0,UNKNOWN,: Q_squared_max < nilpotency_threshold
fp_operator_elliptic,axiom,Phase1/YangMills/Gap1/BRSTMeasure/M1_FP_Positivity.lean,81,False,False,0,PARKED,(M_FP : FPOperator M N P) : IsElliptic M_FP
fp_operator_selfadjoint,axiom,Phase1/YangMills/Gap1/BRSTMeasure/M1_FP_Positivity.lean,85,False,False,0,PARKED,(M_FP : FPOperator M N P) : IsSelfAdjoint M_FP
Assumption_fp_operator_nonnegative,def,Phase1/YangMills/Gap1/BRSTMeasure/M1_FP_Positivity.lean,92,False,False,1,PARKED,: Prop
fp_operator_nonnegative,theorem,Phase1/YangMills/Gap1/BRSTMeasure/M1_FP_Positivity.lean,94,False,False,0,PARKED,"(M_FP : FPOperator M N P) (h_fp_operator_nonnegative : Assumption_fp_operator_nonnegative) : ∀ ψ : GhostField M N P, ⟨ψ, M_FP.apply ψ⟩ ≥ 0"
spectral_theorem_elliptic,axiom,Phase1/YangMills/Gap1/BRSTMeasure/M1_FP_Positivity.lean,109,False,False,0,PARKED,(M_FP : FPOperator M N P) : HasDiscreteSpectrum M_FP
lowestEigenvalue,axiom,Phase1/YangMills/Gap1/BRSTMeasure/M1_FP_Positivity.lean,114,False,False,5,PARKED,(M_FP : FPOperator M N P) (A : Connection M N P) : ℝ
spectrum,axiom,Phase1/YangMills/Gap1/BRSTMeasure/M1_FP_Positivity.lean,118,False,False,12,PARKED,(M_FP : FPOperator M N P) (A : Connection M N P) : Set ℝ
Assumption_weyl_eigenvalue_positivity,def,Phase1/YangMills/Gap1/BRSTMeasure/M1_FP_Positivity.lean,124,False,False,1,PARKED,: Prop
weyl_eigenvalue_positivity,theorem,Phase1/YangMills/Gap1/BRSTMeasure/M1_FP_Positivity.lean,127,False,False,1,PARKED,"(M_FP : FPOperator M N P) (A : Connection M N P) (h_compact : IsCompact M) (h_lambda0_pos : lowestEigenvalue M_FP A > 0) (h_weyl_eigenvalue_positivity : Assumption_weyl_eigenvalue_positivity) : ∀ λ ∈ spectrum M_FP A, λ > 0"
spectralZetaFunction,axiom,Phase1/YangMills/Gap1/BRSTMeasure/M1_FP_Positivity.lean,147,False,False,0,PARKED,(M_FP : FPOperator M N P) (A : Connection M N P) (s : ℂ) : ℂ
spectralZetaFunction_derivative_at_zero,axiom,Phase1/YangMills/Gap1/BRSTMeasure/M1_FP_Positivity.lean,154,False,False,1,PARKED,(M_FP : FPOperator M N P) (A : Connection M N P) : ℝ
fpDeterminant,def,Phase1/YangMills/Gap1/BRSTMeasure/M1_FP_Positivity.lean,160,False,False,19,PARKED,(M_FP : FPOperator M N P) (A : Connection M N P) : ℝ
signOfDeterminant,def,Phase1/YangMills/Gap1/BRSTMeasure/M1_FP_Positivity.lean,164,False,False,2,PARKED,(M_FP : FPOperator M N P) (A : Connection M N P) : ℝ
sign_formula,theorem,Phase1/YangMills/Gap1/BRSTMeasure/M1_FP_Positivity.lean,168,False,False,1,PARKED,(M_FP : FPOperator M N P) (A : Connection M N P) : signOfDeterminant M_FP A = (-1 : ℝ) ^ (spectrum M_FP A).filter (· < 0) |>.ncard
gribovRegion,def,Phase1/YangMills/Gap1/BRSTMeasure/M1_FP_Positivity.lean,188,False,False,14,PARKED,(M_FP : FPOperator M N P) (P : Type*) : Set (Connection M N P)
gribovRegion_convex,axiom,Phase1/YangMills/Gap1/BRSTMeasure/M1_FP_Positivity.lean,192,False,False,0,PARKED,(M_FP : FPOperator M N P) (P : Type*) : Convex ℝ (gribovRegion M_FP P)
FP_posdef_at_trivial,axiom,Phase1/YangMills/Gap1/BRSTMeasure/M1_FP_Positivity.lean,197,False,False,1,PARKED,"(M_FP : FPOperator M N P) (M N P : Type*) : ∀ λ ∈ (M_FP.spectrum (trivialConnection M N P)), 0 < λ"
gribovRegion_nonempty,theorem,Phase1/YangMills/Gap1/BRSTMeasure/M1_FP_Positivity.lean,202,False,False,0,PARKED,(M_FP : FPOperator M N P) (P : Type*) : (gribovRegion M_FP P).Nonempty
gribov_horizon_characterization,theorem,Phase1/YangMills/Gap1/BRSTMeasure/M1_FP_Positivity.lean,211,False,False,0,PARKED,(M_FP : FPOperator M N P) (A : Connection M N P) (h_boundary : A ∈ frontier (gribovRegion M_FP P)) : lowestEigenvalue M_FP A = 0
lemma_M1_fp_positivity,theorem,Phase1/YangMills/Gap1/BRSTMeasure/M1_FP_Positivity.lean,231,False,False,2,PARKED,(M_FP : FPOperator M N P) (A : Connection M N P) (h_compact : IsCompact M) (h_in_omega : A ∈ gribovRegion M_FP P) : fpDeterminant M_FP A > 0
fp_determinant_continuous,theorem,Phase1/YangMills/Gap1/BRSTMeasure/M1_FP_Positivity.lean,266,False,False,0,PARKED,(M_FP : FPOperator M N P) (h_compact : IsCompact M) : ContinuousOn (fpDeterminant M_FP) (gribovRegion M_FP P)
Assumption_m1_implies_brst_measure_real,def,Phase1/YangMills/Gap1/BRSTMeasure/M1_FP_Positivity.lean,276,False,False,1,PARKED,: Prop
m1_implies_brst_measure_real,theorem,Phase1/YangMills/Gap1/BRSTMeasure/M1_FP_Positivity.lean,278,False,False,0,PARKED,"(M_FP : FPOperator M N P) (A : Connection M N P) (h_compact : IsCompact M) (h_in_omega : A ∈ gribovRegion M_FP P) (h_m1_implies_brst_measure_real : Assumption_m1_implies_brst_measure_real) : ∃ μ : BRSTMeasure M N P, μ.IsRealValued"
m1_supports_compactness,theorem,Phase1/YangMills/Gap1/BRSTMeasure/M1_FP_Positivity.lean,288,False,False,0,PARKED,"(M_FP : FPOperator M N P) (h_compact : IsCompact M) : ∀ A ∈ gribovRegion M_FP P, fpDeterminant M_FP A > 0"
m1_implies_finite_integral,theorem,Phase1/YangMills/Gap1/BRSTMeasure/M1_FP_Positivity.lean,296,False,False,0,PARKED,"(M_FP : FPOperator M N P) (h_compact : IsCompact M) : ∀ A ∈ gribovRegion M_FP P, fpDeterminant M_FP A * Real.exp (- yangMillsAction A) < ∞"
SobolevSpace,structure,Phase1/YangMills/Gap1/BRSTMeasure/M3_Compactness.lean,122,False,False,3,PARKED,"(M : Type*) [Manifold M] (k : ℕ) (p : ℝ) where carrier : Type* norm : carrier → ℝ norm_nonneg : ∀ f, 0 ≤ norm f norm_triangle : ∀ f g, norm (f + g) ≤ norm f + norm g -- Additional Sobolev space axioms"
ConnectionSobolevSpace,def,Phase1/YangMills/Gap1/BRSTMeasure/M3_Compactness.lean,134,False,False,4,PARKED,{M : Manifold4D} {N : ℕ} (P : PrincipalBundle M N) (k : ℕ) (p : ℝ) : Type
sobolevNorm,axiom,Phase1/YangMills/Gap1/BRSTMeasure/M3_Compactness.lean,145,False,False,2,PARKED,{M : Manifold4D} {N : ℕ} {P : PrincipalBundle M N} (A : Connection M N P) (k : ℕ) (p : ℝ) : ℝ
sobolev_embedding,axiom,Phase1/YangMills/Gap1/BRSTMeasure/M3_Compactness.lean,157,False,False,1,PARKED,{M : Manifold4D} {N : ℕ} {P : PrincipalBundle M N} (k : ℕ) (p q : ℝ) (h_supercritical : k > 4 / p) (h_range : p ≤ q ∧ q < ∞) : ContinuousEmbedding (ConnectionSobolevSpace P k p) (ConnectionSobolevSpace P (k-1) q)
rellich_kondrachov_compact,axiom,Phase1/YangMills/Gap1/BRSTMeasure/M3_Compactness.lean,177,False,False,0,PARKED,{M : Manifold4D} {N : ℕ} {P : PrincipalBundle M N} (k k' : ℕ) (p : ℝ) (h_compact : IsCompact M.carrier) (h_order : k > k') : CompactEmbedding (ConnectionSobolevSpace P k p) (ConnectionSobolevSpace P k' p)
yangMillsAction,def,Phase1/YangMills/Gap1/BRSTMeasure/M3_Compactness.lean,200,False,False,17,PARKED,{M : Manifold4D} {N : ℕ} {P : PrincipalBundle M N} (A : Connection M N P) : ℝ
fieldStrength,axiom,Phase1/YangMills/Gap1/BRSTMeasure/M3_Compactness.lean,212,False,False,2,PARKED,{M : Manifold4D} {N : ℕ} {P : PrincipalBundle M N} (A : Connection M N P) : M.carrier → Matrix (Fin N) (Fin N) ℝ
curvatureLpNorm,def,Phase1/YangMills/Gap1/BRSTMeasure/M3_Compactness.lean,222,False,False,5,PARKED,{M : Manifold4D} {N : ℕ} {P : PrincipalBundle M N} (A : Connection M N P) (p : ℝ) : ℝ
Assumption_curvature_bound_from_action,def,Phase1/YangMills/Gap1/BRSTMeasure/M3_Compactness.lean,247,False,False,1,PARKED,: Prop
curvature_bound_from_action,theorem,Phase1/YangMills/Gap1/BRSTMeasure/M3_Compactness.lean,250,False,False,1,PARKED,{M : Manifold4D} {N : ℕ} {P : PrincipalBundle M N} (A : Connection M N P) (C : ℝ) (h_action_bound : yangMillsAction A ≤ C) (h_curvature_bound_from_action : Assumption_curvature_bound_from_action) : curvatureLpNorm A 2 ≤ 2 * Real.sqrt C
curvatureLpNorm_nonneg,axiom,Phase1/YangMills/Gap1/BRSTMeasure/M3_Compactness.lean,262,False,False,0,PARKED,{M : Manifold4D} {N : ℕ} {P : PrincipalBundle M N} (A : Connection M N P) (p : ℝ) : 0 ≤ curvatureLpNorm A p
uhlenbeck_compactness_theorem,axiom,Phase1/YangMills/Gap1/BRSTMeasure/M3_Compactness.lean,307,False,False,1,PARKED,"{M : Manifold4D} {N : ℕ} {P : PrincipalBundle M N} (seq : ℕ → Connection M N P) (p : ℝ) (C : ℝ) (h_compact : IsCompact M.carrier) (h_p_range : p > 2) (h_curvature_bound : ∀ n, curvatureLpNorm (seq n) p ≤ C) : ∃ (subseq : ℕ → ℕ) (gauges : ℕ → GaugeTransformation M N P) (A_lim : Connection M N P), -- Subsequence is strictly increasing StrictMono subseq ∧ -- Gauge-transformed connections converge Ten"
gaugeAction,axiom,Phase1/YangMills/Gap1/BRSTMeasure/M3_Compactness.lean,338,False,False,3,PARKED,{M : Manifold4D} {N : ℕ} {P : PrincipalBundle M N} (g : GaugeTransformation M N P) (A : Connection M N P) : Connection M N P
gauge_slice_existence,axiom,Phase1/YangMills/Gap1/BRSTMeasure/M3_Compactness.lean,355,False,False,0,PARKED,"{M : Manifold4D} {N : ℕ} {P : PrincipalBundle M N} (A : Connection M N P) : ∃ (S : Set (Connection M N P)), -- S is a manifold (smooth subspace) IsManifold S ∧ -- S intersects gauge orbit uniquely (∀ g : GaugeTransformation M N P, ∃! A' ∈ S, ∃ g', gaugeAction g' A = A') ∧ -- S is transverse to gauge orbit IsTransverse S (gaugeOrbit A)"
boundedActionSet,def,Phase1/YangMills/Gap1/BRSTMeasure/M3_Compactness.lean,376,False,False,14,PARKED,{M : Manifold4D} {N : ℕ} {P : PrincipalBundle M N} (C : ℝ) : Set (Connection M N P)
Assumption_representative_action_bound,def,Phase1/YangMills/Gap1/BRSTMeasure/M3_Compactness.lean,430,False,False,1,PARKED,: Prop
lemma_M3_compactness,theorem,Phase1/YangMills/Gap1/BRSTMeasure/M3_Compactness.lean,434,False,False,2,PARKED,{M : Manifold4D} {N : ℕ} {P : PrincipalBundle M N} (C : ℝ) (h_compact : IsCompact M.carrier) (h_C_pos : C > 0) : IsCompact (boundedActionSet C : Set (Connection M N P / GaugeGroup M N P)) (h_representative_action_bound : Assumption_representative_action_bound)
boundedActionSet_isClosed,theorem,Phase1/YangMills/Gap1/BRSTMeasure/M3_Compactness.lean,500,False,False,0,PARKED,{M : Manifold4D} {N : ℕ} {P : PrincipalBundle M N} (C : ℝ) (h_compact : IsCompact M.carrier) (h_C_pos : C > 0) : IsClosed (boundedActionSet C : Set (Connection M N P / GaugeGroup M N P))
Assumption_yangMillsAction_lsc,def,Phase1/YangMills/Gap1/BRSTMeasure/M3_Compactness.lean,518,False,False,1,PARKED,: Prop
yangMillsAction_lowerSemicontinuous,theorem,Phase1/YangMills/Gap1/BRSTMeasure/M3_Compactness.lean,521,False,False,0,PARKED,{M : Manifold4D} {N : ℕ} {P : PrincipalBundle M N} (h_compact : IsCompact M.carrier) : LowerSemicontinuous (yangMillsAction : Connection M N P → ℝ) (h_yangMillsAction_lsc : Assumption_yangMillsAction_lsc)
Assumption_m3_enables_m4,def,Phase1/YangMills/Gap1/BRSTMeasure/M3_Compactness.lean,545,False,False,1,PARKED,: Prop
m3_enables_m4,theorem,Phase1/YangMills/Gap1/BRSTMeasure/M3_Compactness.lean,553,False,False,0,PARKED,"{M : Manifold4D} {N : ℕ} {P : PrincipalBundle M N} (h_compact_manifold : IsCompact M.carrier) (h_m1 : ∀ A, fpDeterminant M_FP A > 0) -- From M1 (h_m3 : ∀ C, IsCompact (boundedActionSet C)) -- This lemma (h_exponential_decay : ∀ R, ∃ C, R > C → measure (boundedActionSet R) ≤ exp (- C * R)) (h_m3_enables_m4 : Assumption_m3_enables_m4) : -- Then measure of A/G is finite measure (Set.univ : Set (Conne"
Assumption_m1_m3_measure_welldefined,def,Phase1/YangMills/Gap1/BRSTMeasure/M3_Compactness.lean,576,False,False,1,PARKED,: Prop
m1_m3_implies_measure_welldefined,theorem,Phase1/YangMills/Gap1/BRSTMeasure/M3_Compactness.lean,583,False,False,0,PARKED,"{M : Manifold4D} {N : ℕ} {P : PrincipalBundle M N} (h_m1 : ∀ A ∈ gribovRegion M_FP P, fpDeterminant M_FP A > 0) (h_m3 : ∀ C, IsCompact (boundedActionSet C)) : -- BRST measure is well-defined ∃ (μ : Measure (Connection M N P / GaugeGroup M N P)), μ (Set.univ) < ∞ ∧ ∀ A, μ {A} = fpDeterminant M_FP A.out * exp (- yangMillsAction A.out) (h_m1_m3_measure_welldefined : Assumption_m1_m3_measure_welldefin"
Assumption_m3_m5_hilbert_separable,def,Phase1/YangMills/Gap1/BRSTMeasure/M3_Compactness.lean,604,False,False,1,PARKED,: Prop
m3_m5_implies_hilbert_separable,theorem,Phase1/YangMills/Gap1/BRSTMeasure/M3_Compactness.lean,609,False,False,0,PARKED,"{M : Manifold4D} {N : ℕ} {P : PrincipalBundle M N} (h_m3 : ∀ C, IsCompact (boundedActionSet C)) (h_m5 : WellDefinedCohomology Q) : -- Physical Hilbert space is separable TopologicalSpace.IsSeparable (PhysicalHilbertSpace M N P) (h_m3_m5_hilbert_separable : Assumption_m3_m5_hilbert_separable)"
brstIntegrand,def,Phase1/YangMills/Gap1/BRSTMeasure/M4_Finiteness.lean,149,False,False,7,PARKED,{M : Manifold4D} {N : ℕ} {P : PrincipalBundle M N} (M_FP : FaddeevPopovOperator M N) (A : Connection M N P) : ℝ
integrand_positive,theorem,Phase1/YangMills/Gap1/BRSTMeasure/M4_Finiteness.lean,166,False,False,0,PARKED,{M : Manifold4D} {N : ℕ} {P : PrincipalBundle M N} (M_FP : FaddeevPopovOperator M N) (A : Connection M N P) (h_compact : IsCompact M.carrier) (h_in_gribov : A ∈ gribovRegion M_FP P) : brstIntegrand M_FP A > 0
integrand_measurable,axiom,Phase1/YangMills/Gap1/BRSTMeasure/M4_Finiteness.lean,191,False,False,0,PARKED,{M : Manifold4D} {N : ℕ} {P : PrincipalBundle M N} (M_FP : FaddeevPopovOperator M N) : Measurable (brstIntegrand M_FP)
energyLevel,def,Phase1/YangMills/Gap1/BRSTMeasure/M4_Finiteness.lean,206,False,False,11,PARKED,{M : Manifold4D} {N : ℕ} {P : PrincipalBundle M N} (n : ℕ) : Set (Connection M N P)
energyLevels_disjoint,theorem,Phase1/YangMills/Gap1/BRSTMeasure/M4_Finiteness.lean,213,False,False,0,PARKED,{M : Manifold4D} {N : ℕ} {P : PrincipalBundle M N} (n m : ℕ) (h_ne : n ≠ m) : Disjoint (energyLevel n : Set (Connection M N P)) (energyLevel m)
energyLevels_cover,axiom,Phase1/YangMills/Gap1/BRSTMeasure/M4_Finiteness.lean,245,False,False,0,PARKED,"{M : Manifold4D} {N : ℕ} {P : PrincipalBundle M N} : (⋃ n, energyLevel n) = (Set.univ : Set (Connection M N P))"
energyLevel_isClosed,axiom,Phase1/YangMills/Gap1/BRSTMeasure/M4_Finiteness.lean,252,False,False,1,PARKED,{M : Manifold4D} {N : ℕ} {P : PrincipalBundle M N} (n : ℕ) : IsClosed (energyLevel n : Set (Connection M N P / GaugeGroup M N P))
energyLevel_compact,theorem,Phase1/YangMills/Gap1/BRSTMeasure/M4_Finiteness.lean,262,False,False,0,PARKED,{M : Manifold4D} {N : ℕ} {P : PrincipalBundle M N} (n : ℕ) (h_compact : IsCompact M.carrier) : IsCompact (energyLevel n : Set (Connection M N P / GaugeGroup M N P))
measure_decomposition,axiom,Phase1/YangMills/Gap1/BRSTMeasure/M4_Finiteness.lean,295,False,False,1,PARKED,"{M : Manifold4D} {N : ℕ} {P : PrincipalBundle M N} (μ : Measure (Connection M N P / GaugeGroup M N P)) (f : (Connection M N P / GaugeGroup M N P) → ℝ) (h_measurable : Measurable f) (h_integrable : Integrable f μ) : ∫ A, f A ∂μ = ∑' n, ∫ A in energyLevel n, f A ∂μ"
gaussian_bound,axiom,Phase1/YangMills/Gap1/BRSTMeasure/M4_Finiteness.lean,341,False,False,0,PARKED,"{M : Manifold4D} {N : ℕ} {P : PrincipalBundle M N} (μ : Measure (Connection M N P / GaugeGroup M N P)) (h_compact : IsCompact M.carrier) : ∃ (C α : ℝ), C > 0 ∧ α > 0 ∧ ∀ n : ℕ, μ (energyLevel n) ≤ C * Real.exp (- α * n)"
level_integral_bound,axiom,Phase1/YangMills/Gap1/BRSTMeasure/M4_Finiteness.lean,369,False,False,0,PARKED,"{M : Manifold4D} {N : ℕ} {P : PrincipalBundle M N} (M_FP : FaddeevPopovOperator M N) (μ : Measure (Connection M N P / GaugeGroup M N P)) (n : ℕ) (h_compact : IsCompact M.carrier) : ∃ (K β : ℝ), K > 0 ∧ β > 0 ∧ ∫ A in energyLevel n, brstIntegrand M_FP A.out ∂μ ≤ K * Real.exp (- β * n)"
partitionFunction,def,Phase1/YangMills/Gap1/BRSTMeasure/M4_Finiteness.lean,392,False,False,16,PARKED,{M : Manifold4D} {N : ℕ} {P : PrincipalBundle M N} (M_FP : FaddeevPopovOperator M N) (μ : Measure (Connection M N P / GaugeGroup M N P)) : ℝ
Assumption_partition_function_finite,def,Phase1/YangMills/Gap1/BRSTMeasure/M4_Finiteness.lean,444,False,False,1,PARKED,: Prop
lemma_M4_finiteness,theorem,Phase1/YangMills/Gap1/BRSTMeasure/M4_Finiteness.lean,449,False,False,0,PARKED,"{M : Manifold4D} {N : ℕ} {P : PrincipalBundle M N} (M_FP : FaddeevPopovOperator M N) (μ : Measure (Connection M N P / GaugeGroup M N P)) (h_compact : IsCompact M.carrier) (h_m1 : ∀ A ∈ gribovRegion M_FP P, fpDeterminant M_FP A > 0) -- From M1 (h_m3 : ∀ C > 0, IsCompact (boundedActionSet C)) -- From M3 (h_integrable : Integrable (fun A => brstIntegrand M_FP A.out) μ) (h_partition_function_finite : "
Assumption_partitionFunction_positive,def,Phase1/YangMills/Gap1/BRSTMeasure/M4_Finiteness.lean,472,False,False,1,PARKED,: Prop
partitionFunction_positive,theorem,Phase1/YangMills/Gap1/BRSTMeasure/M4_Finiteness.lean,477,False,False,0,PARKED,"{M : Manifold4D} {N : ℕ} {P : PrincipalBundle M N} (M_FP : FaddeevPopovOperator M N) (μ : Measure (Connection M N P / GaugeGroup M N P)) (h_compact : IsCompact M.carrier) (h_m1 : ∀ A ∈ gribovRegion M_FP P, fpDeterminant M_FP A > 0) (h_measure_nonzero : μ Set.univ > 0) (h_partitionFunction_positive : Assumption_partitionFunction_positive) : partitionFunction M_FP μ > 0"
normalizedBRSTMeasure,axiom,Phase1/YangMills/Gap1/BRSTMeasure/M4_Finiteness.lean,502,False,False,0,PARKED,{M : Manifold4D} {N : ℕ} {P : PrincipalBundle M N} (M_FP : FaddeevPopovOperator M N) (μ : Measure (Connection M N P / GaugeGroup M N P)) : Measure (Connection M N P / GaugeGroup M N P)
expectationValue,def,Phase1/YangMills/Gap1/BRSTMeasure/M4_Finiteness.lean,513,False,False,2,PARKED,{M : Manifold4D} {N : ℕ} {P : PrincipalBundle M N} (M_FP : FaddeevPopovOperator M N) (μ : Measure (Connection M N P / GaugeGroup M N P)) (O : Connection M N P → ℝ) : ℝ
Assumption_expectation_value_finite,def,Phase1/YangMills/Gap1/BRSTMeasure/M4_Finiteness.lean,530,False,False,1,PARKED,: Prop
expectation_value_finite,theorem,Phase1/YangMills/Gap1/BRSTMeasure/M4_Finiteness.lean,538,False,False,0,PARKED,"{M : Manifold4D} {N : ℕ} {P : PrincipalBundle M N} (M_FP : FaddeevPopovOperator M N) (μ : Measure (Connection M N P / GaugeGroup M N P)) (O : Connection M N P → ℝ) (h_bounded : ∃ M, ∀ A, |O A| ≤ M) (h_m4 : partitionFunction M_FP μ < ∞) (h_expectation_value_finite : Assumption_expectation_value_finite) : |expectationValue M_FP μ O| < ∞"
Assumption_brst_complete,def,Phase1/YangMills/Gap1/BRSTMeasure/M4_Finiteness.lean,567,False,False,1,PARKED,: Prop
m1_m3_m4_implies_brst_complete,theorem,Phase1/YangMills/Gap1/BRSTMeasure/M4_Finiteness.lean,576,False,False,0,PARKED,"{M : Manifold4D} {N : ℕ} {P : PrincipalBundle M N} (M_FP : FaddeevPopovOperator M N) (μ : Measure (Connection M N P / GaugeGroup M N P)) (h_compact : IsCompact M.carrier) (h_m1 : ∀ A ∈ gribovRegion M_FP P, fpDeterminant M_FP A > 0) (h_m3 : ∀ C > 0, IsCompact (boundedActionSet C)) (h_m4 : partitionFunction M_FP μ < ∞) (h_brst_complete : Assumption_brst_complete) : ∃ (μ_BRST : BRSTMeasure M N P), μ_"
finiteness_implies_mass_gap,theorem,Phase1/YangMills/Gap1/BRSTMeasure/M4_Finiteness.lean,607,False,False,0,PARKED,"{M : Manifold4D} {N : ℕ} {P : PrincipalBundle M N} (M_FP : FaddeevPopovOperator M N) (μ : Measure (Connection M N P / GaugeGroup M N P)) (h_m4 : partitionFunction M_FP μ < ∞) : ∃ Δ > 0, True"
Assumption_m4_enables_spectrum,def,Phase1/YangMills/Gap1/BRSTMeasure/M4_Finiteness.lean,632,False,False,1,PARKED,: Prop
m4_enables_spectrum,theorem,Phase1/YangMills/Gap1/BRSTMeasure/M4_Finiteness.lean,637,False,False,0,PARKED,"{M : Manifold4D} {N : ℕ} {P : PrincipalBundle M N} (M_FP : FaddeevPopovOperator M N) (μ : Measure (Connection M N P / GaugeGroup M N P)) (h_m4 : partitionFunction M_FP μ < ∞) (h_m4_enables_spectrum : Assumption_m4_enables_spectrum) : ∃ (H : HilbertSpace), DiscreteSpectrum H"
GhostField,structure,Phase1/YangMills/Gap1/BRSTMeasure/M5_BRSTCohomology.lean,42,False,False,9,PARKED,"(M : Manifold4D) (N : ℕ) where c : ℝ -- ghost field (should be Grassmann, simplified to ℝ) c_bar : ℝ -- anti-ghost field /-- BRST operator Q acting on fields -/ structure BRSTOperator (M : Manifold4D) (N : ℕ) where /-- Action of Q on connections -/ Q_connection : Connection M N → GhostField M N → Connection M N /-- Action of Q on ghosts -/ Q_ghost : GhostField M N → GhostField M N /-- Nilpotency: "
BRSTOperator,structure,Phase1/YangMills/Gap1/BRSTMeasure/M5_BRSTCohomology.lean,47,False,False,46,PARKED,"(M : Manifold4D) (N : ℕ) where /-- Action of Q on connections -/ Q_connection : Connection M N → GhostField M N → Connection M N /-- Action of Q on ghosts -/ Q_ghost : GhostField M N → GhostField M N /-- Nilpotency: Q² = 0 -/ nilpotent : ∀ (A : Connection M N) (φ : GhostField M N), Q_connection (Q_connection A φ) φ = A /-- Grading: Q increases ghost number by 1 -/ ghost_number_grading : True -- Pl"
BRSTClosed,def,Phase1/YangMills/Gap1/BRSTMeasure/M5_BRSTCohomology.lean,66,False,False,4,PARKED,(Q : BRSTOperator M N) (ω : Connection M N) : Prop
BRSTExact,def,Phase1/YangMills/Gap1/BRSTMeasure/M5_BRSTCohomology.lean,70,False,False,3,PARKED,(Q : BRSTOperator M N) (ω : Connection M N) : Prop
BRSTCohomology,structure,Phase1/YangMills/Gap1/BRSTMeasure/M5_BRSTCohomology.lean,74,False,False,5,PARKED,"(M : Manifold4D) (N : ℕ) where Q : BRSTOperator M N /-- Cohomology classes -/ cohomology_class : Connection M N → Prop /-- A class is well-defined if closed but not exact -/ well_defined : ∀ (ω : Connection M N), cohomology_class ω ↔ (BRSTClosed Q ω ∧ ¬BRSTExact Q ω)"
PhysicalObservable,def,Phase1/YangMills/Gap1/BRSTMeasure/M5_BRSTCohomology.lean,89,False,False,9,PARKED,(Q : BRSTOperator M N) (O : Connection M N → ℝ) : Prop
physical_observables_are_cohomology,theorem,Phase1/YangMills/Gap1/BRSTMeasure/M5_BRSTCohomology.lean,94,False,False,0,PARKED,"(Q : BRSTOperator M N) (O : Connection M N → ℝ) : PhysicalObservable Q O ↔ (∀ A, BRSTClosed Q A → O A = O A)"
BRSTInvariantMeasure,def,Phase1/YangMills/Gap1/BRSTMeasure/M5_BRSTCohomology.lean,109,False,False,5,PARKED,(μ : Measure (GaugeSpace M N).quotient) (Q : BRSTOperator M N) : Prop
lemma_M5_brst_cohomology,theorem,Phase1/YangMills/Gap1/BRSTMeasure/M5_BRSTCohomology.lean,120,False,False,0,PARKED,"(μ : Measure (GaugeSpace M N).quotient) (Q : BRSTOperator M N) (h_nilpotent : ∀ A φ, Q.Q_connection (Q.Q_connection A φ) φ = A) (h_measure_finite : μ.real ≠ ⊤) : BRSTInvariantMeasure μ Q ∧ (∃ (H : BRSTCohomology M N), H.Q = Q ∧ ∀ ω, H.cohomology_class ω ↔ (BRSTClosed Q ω ∧ ¬BRSTExact Q ω))"
partition_function_cohomological,theorem,Phase1/YangMills/Gap1/BRSTMeasure/M5_BRSTCohomology.lean,148,False,False,0,PARKED,"(μ : Measure (GaugeSpace M N).quotient) (Q : BRSTOperator M N) (h_inv : BRSTInvariantMeasure μ Q) (O : Connection M N → ℝ) (h_phys : PhysicalObservable Q O) : ∃ (Z : ℝ), Z = ∫ A, O A ∂μ"
Assumption_brst_exact_vanishes_validation,def,Phase1/YangMills/Gap1/BRSTMeasure/M5_BRSTCohomology.lean,165,False,False,1,PARKED,: Prop
brst_exact_vanishes,theorem,Phase1/YangMills/Gap1/BRSTMeasure/M5_BRSTCohomology.lean,173,False,False,0,PARKED,"(μ : Measure (GaugeSpace M N).quotient) (Q : BRSTOperator M N) (h_inv : BRSTInvariantMeasure μ Q) (O : Connection M N → ℝ) (h_exact : ∃ λ φ A, O A = O (Q.Q_connection λ φ)) (h_brst_exact_vanishes_validation : Assumption_brst_exact_vanishes_validation) : ∫ A, O A ∂μ = 0"
kugo_ojima_criterion,axiom,Phase1/YangMills/Gap1/BRSTMeasure/M5_BRSTCohomology.lean,188,False,False,0,PARKED,": ∀ (Q : BRSTOperator M N), (∃ (H : BRSTCohomology M N), H.Q = Q) → True -- Placeholder for confinement condition"
ward_identities_from_brst,axiom,Phase1/YangMills/Gap1/BRSTMeasure/M5_BRSTCohomology.lean,194,False,False,0,PARKED,": ∀ (μ : Measure (GaugeSpace M N).quotient) (Q : BRSTOperator M N), BRSTInvariantMeasure μ Q → True -- Placeholder for Ward identities"
GaugeField,structure,Phase1/YangMills/Gap1/GribovGaugeOrbits.lean,95,False,False,63,PARKED,where id : ℕ
GaugeTransformation,structure,Phase1/YangMills/Gap1/GribovGaugeOrbits.lean,99,False,False,15,PARKED,where id : ℕ
GaugeConfig,structure,Phase1/YangMills/Gap1/GribovGaugeOrbits.lean,103,False,False,5,PARKED,where id : ℕ
GribovRegion,structure,Phase1/YangMills/Gap1/GribovGaugeOrbits.lean,107,False,False,16,PARKED,where id : ℕ
GaugeConfig.inGribovRegion,def,Phase1/YangMills/Gap1/GribovGaugeOrbits.lean,111,False,False,0,PARKED,(_ : GaugeConfig) (_ : GribovRegion) : Prop
IsLandauGauge,def,Phase1/YangMills/Gap1/GribovGaugeOrbits.lean,117,False,False,1,PARKED,(_ : GaugeField) : Prop
probability_of_copies,def,Phase1/YangMills/Gap1/GribovGaugeOrbits.lean,125,False,False,2,PARKED,: ℝ
copy_probability_threshold,def,Phase1/YangMills/Gap1/GribovGaugeOrbits.lean,128,False,False,2,PARKED,: ℝ
gauge_orbit_error,def,Phase1/YangMills/Gap1/GribovGaugeOrbits.lean,134,False,False,2,PARKED,: ℝ
gauge_uniqueness_threshold,def,Phase1/YangMills/Gap1/GribovGaugeOrbits.lean,137,False,False,2,PARKED,: ℝ
landau_divergence_max,def,Phase1/YangMills/Gap1/GribovGaugeOrbits.lean,143,False,False,2,PARKED,: ℝ
landau_stability_threshold,def,Phase1/YangMills/Gap1/GribovGaugeOrbits.lean,146,False,False,2,PARKED,: ℝ
horizon_distance_min,def,Phase1/YangMills/Gap1/GribovGaugeOrbits.lean,152,False,False,2,PARKED,: ℝ
max_iterations,def,Phase1/YangMills/Gap1/GribovGaugeOrbits.lean,158,False,False,2,PARKED,: ℕ
convergence_threshold,def,Phase1/YangMills/Gap1/GribovGaugeOrbits.lean,161,False,False,5,PARKED,: ℕ
ProbabilityOfCopies,def,Phase1/YangMills/Gap1/GribovGaugeOrbits.lean,166,False,False,2,PARKED,(_ : GaugeConfig) : ℝ
ApplyGauge,def,Phase1/YangMills/Gap1/GribovGaugeOrbits.lean,169,False,False,1,PARKED,(A : GaugeField) (_ : GaugeTransformation) : GaugeField
GaugeDistance,def,Phase1/YangMills/Gap1/GribovGaugeOrbits.lean,172,False,False,2,PARKED,(_ _ : GaugeField) : ℝ
Divergence,def,Phase1/YangMills/Gap1/GribovGaugeOrbits.lean,175,False,False,2,PARKED,(_ : GaugeField) : ℝ
HorizonDistance,def,Phase1/YangMills/Gap1/GribovGaugeOrbits.lean,178,False,False,2,PARKED,(_ : GaugeField) : ℝ
IterationsToConverge,def,Phase1/YangMills/Gap1/GribovGaugeOrbits.lean,181,False,False,2,PARKED,(_ : GaugeField) : ℕ
gribov_copies_suppressed,theorem,Phase1/YangMills/Gap1/GribovGaugeOrbits.lean,211,False,False,1,PARKED,": ∀ (config : GaugeConfig) (Ω : GribovRegion), config ∈ Ω → ProbabilityOfCopies config < copy_probability_threshold"
gauge_orbit_unique,theorem,Phase1/YangMills/Gap1/GribovGaugeOrbits.lean,247,False,False,1,PARKED,": ∀ (A : GaugeField) (g : GaugeTransformation), GaugeDistance (ApplyGauge A g) A < gauge_uniqueness_threshold"
landau_gauge_stable,theorem,Phase1/YangMills/Gap1/GribovGaugeOrbits.lean,282,False,False,1,PARKED,": ∀ (A : GaugeField), IsLandauGauge A → Divergence A < landau_stability_threshold"
gribov_horizon_distance_positive,theorem,Phase1/YangMills/Gap1/GribovGaugeOrbits.lean,318,False,False,1,PARKED,": ∀ (A : GaugeField), HorizonDistance A > 0"
gauge_fixing_convergence,theorem,Phase1/YangMills/Gap1/GribovGaugeOrbits.lean,354,False,False,1,PARKED,": ∀ (A : GaugeField), IterationsToConverge A < convergence_threshold"
ExtendedSpace,structure,Phase1/YangMills/Gap2/AtiyahSinger/BRST_Exactness.lean,44,False,False,6,PARKED,(M : Manifold4D) (N : ℕ) (P : PrincipalBundle M N) where /-- Gauge connection -/ connection : Connection M N P /-- Ghost field (Grassmann-valued) -/ ghost : True -- Placeholder: c^a /-- Anti-ghost field -/ antighost : True -- Placeholder: c̄^a /-- Auxiliary field -/ auxiliary : True -- Placeholder: b^a
BRSTOperator,structure,Phase1/YangMills/Gap2/AtiyahSinger/BRST_Exactness.lean,55,False,False,46,PARKED,"(M : Manifold4D) (N : ℕ) (P : PrincipalBundle M N) where /-- The operator Q acting on extended space -/ op : ExtendedSpace M N P → ExtendedSpace M N P /-- Nilpotency: Q² = 0 -/ nilpotent : ∀ Φ, op (op Φ) = Φ -- Simplified; should be Q² = 0 /-- Grading (ghost number) -/ ghostNumber : ℤ"
BRSTCohomology,def,Phase1/YangMills/Gap2/AtiyahSinger/BRST_Exactness.lean,64,False,False,5,PARKED,(M : Manifold4D) (N : ℕ) (P : PrincipalBundle M N) (Q : BRSTOperator M N P) : Type*
Observable,structure,Phase1/YangMills/Gap2/AtiyahSinger/BRST_Exactness.lean,71,False,False,39,PARKED,(M : Manifold4D) (N : ℕ) (P : PrincipalBundle M N) where /-- Function on configuration space -/ func : Connection M N P → ℝ /-- Gauge invariance -/ gaugeInvariant : True
evalObservable,def,Phase1/YangMills/Gap2/AtiyahSinger/BRST_Exactness.lean,78,False,False,1,PARKED,{M : Manifold4D} {N : ℕ} {P : PrincipalBundle M N} (O : Observable M N P) (Φ : ExtendedSpace M N P) : ℝ
isBRSTExact,def,Phase1/YangMills/Gap2/AtiyahSinger/BRST_Exactness.lean,85,False,False,1,PARKED,{M : Manifold4D} {N : ℕ} {P : PrincipalBundle M N} (Q : BRSTOperator M N P) (Φ : ExtendedSpace M N P) : Prop
brstExactVanishes,axiom,Phase1/YangMills/Gap2/AtiyahSinger/BRST_Exactness.lean,90,False,False,0,PARKED,{M : Manifold4D} {N : ℕ} {P : PrincipalBundle M N} (Q : BRSTOperator M N P) (Φ : ExtendedSpace M N P) : isBRSTExact Q Φ → True -- ⟨Φ⟩ = 0 in path integral
pairedObservablesBRSTExact,axiom,Phase1/YangMills/Gap2/AtiyahSinger/BRST_Exactness.lean,115,False,False,0,PARKED,"{M : Manifold4D} {N : ℕ} {P : PrincipalBundle M N} (𝒫 : PairingMap M N P) (Q : BRSTOperator M N P) (O : Observable M N P) (A : Connection M N P) : ∃ (Φ : ExtendedSpace M N P), O.func A - O.func (𝒫.map A) = evalObservable O (Q.op Φ)"
partitionFunctionSector,def,Phase1/YangMills/Gap2/AtiyahSinger/BRST_Exactness.lean,124,False,False,5,PARKED,{M : Manifold4D} {N : ℕ} {P : PrincipalBundle M N} (k : ℤ) : ℝ
yangMillsAction,def,Phase1/YangMills/Gap2/AtiyahSinger/BRST_Exactness.lean,129,False,False,17,PARKED,{M : Manifold4D} {N : ℕ} {P : PrincipalBundle M N} (A : Connection M N P) : ℝ
pairingIsometry,axiom,Phase1/YangMills/Gap2/AtiyahSinger/BRST_Exactness.lean,134,False,False,0,PARKED,{M : Manifold4D} {N : ℕ} {P : PrincipalBundle M N} (𝒫 : PairingMap M N P) (A : Connection M N P) : yangMillsAction A = yangMillsAction (𝒫.map A)
pairedSectorsCancel,theorem,Phase1/YangMills/Gap2/AtiyahSinger/BRST_Exactness.lean,149,False,False,1,PARKED,{M : Manifold4D} {N : ℕ} {P : PrincipalBundle M N} (𝒫 : PairingMap M N P) (k : ℤ) (hk : k ≠ 0) : partitionFunctionSector k + partitionFunctionSector (-k) = 0
pairedCohomologicallyTrivial,theorem,Phase1/YangMills/Gap2/AtiyahSinger/BRST_Exactness.lean,163,False,False,0,PARKED,{M : Manifold4D} {N : ℕ} {P : PrincipalBundle M N} (𝒫 : PairingMap M N P) (Q : BRSTOperator M N P) (A : Connection M N P) : True
FPOperator,structure,Phase1/YangMills/Gap2/AtiyahSinger/FP_DeterminantParity.lean,37,False,False,38,PARKED,{M : Manifold4D} {N : ℕ} {P : PrincipalBundle M N} (A : Connection M N P) where /-- The operator M_FP = -D_μ^ab ∂^μ in adjoint representation -/ op : True -- Placeholder for operator structure /-- Covariant derivative in adjoint rep -/ covariantDeriv : True
fpDeterminant,def,Phase1/YangMills/Gap2/AtiyahSinger/FP_DeterminantParity.lean,45,False,False,19,PARKED,{M : Manifold4D} {N : ℕ} {P : PrincipalBundle M N} {A : Connection M N P} (M_FP : FPOperator A) : ℝ
fpSign,def,Phase1/YangMills/Gap2/AtiyahSinger/FP_DeterminantParity.lean,50,False,False,9,PARKED,{M : Manifold4D} {N : ℕ} {P : PrincipalBundle M N} {A : Connection M N P} (M_FP : FPOperator A) : ℤ
GhostZeroMode,structure,Phase1/YangMills/Gap2/AtiyahSinger/FP_DeterminantParity.lean,57,False,False,0,PARKED,{M : Manifold4D} {N : ℕ} {P : PrincipalBundle M N} (A : Connection M N P) where /-- Zero eigenvalue of FP operator -/ eigenvalue_zero : True /-- Connection to stabilizer subgroup -/ stabilizer : True
ghostZeroModeCount,def,Phase1/YangMills/Gap2/AtiyahSinger/FP_DeterminantParity.lean,65,False,False,0,PARKED,{M : Manifold4D} {N : ℕ} {P : PrincipalBundle M N} (A : Connection M N P) : ℕ
fpParityEqualsIndexParity,axiom,Phase1/YangMills/Gap2/AtiyahSinger/FP_DeterminantParity.lean,88,False,False,0,PARKED,{M : Manifold4D} {N : ℕ} {P : PrincipalBundle M N} {A : Connection M N P} (M_FP : FPOperator A) (D : DiracOperator A) : fpSign M_FP = (-1) ^ (fredholmIndex D).natAbs
Assumption_oppositeSectorsOppositeSigns_validation,def,Phase1/YangMills/Gap2/AtiyahSinger/FP_DeterminantParity.lean,97,False,False,1,PARKED,: Prop
oppositeSectorsOppositeSigns,theorem,Phase1/YangMills/Gap2/AtiyahSinger/FP_DeterminantParity.lean,104,False,False,0,PARKED,{M : Manifold4D} {N : ℕ} {P : PrincipalBundle M N} {A A' : Connection M N P} {M_FP : FPOperator A} {M_FP' : FPOperator A'} {D : DiracOperator A} {D' : DiracOperator A'} (h : fredholmIndex D = -(fredholmIndex D')) : fpSign M_FP = -(fpSign M_FP') (h_oppositeSectorsOppositeSigns_validation : Assumption_oppositeSectorsOppositeSigns_validation)
pathIntegralMeasure,def,Phase1/YangMills/Gap2/AtiyahSinger/FP_DeterminantParity.lean,115,False,False,0,PARKED,{M : Manifold4D} {N : ℕ} {P : PrincipalBundle M N} {A : Connection M N P} (M_FP : FPOperator A) : ℝ
Assumption_gribovCopiesOppositeSigns_validation,def,Phase1/YangMills/Gap2/AtiyahSinger/FP_DeterminantParity.lean,123,False,False,1,PARKED,: Prop
gribovCopiesOppositeSigns,theorem,Phase1/YangMills/Gap2/AtiyahSinger/FP_DeterminantParity.lean,130,False,False,0,PARKED,(h_gribovCopiesOppositeSigns_validation : Assumption_gribovCopiesOppositeSigns_validation) {M : Manifold4D} {N : ℕ} {P : PrincipalBundle M N} (A : topologicalSector M N P k) (A' : topologicalSector M N P (-k)) {M_FP : FPOperator A.val} {M_FP' : FPOperator A'.val} {D : DiracOperator A.val} {D' : DiracOperator A'.val} : fpSign M_FP * fpSign M_FP' = -1
Manifold4D,structure,Phase1/YangMills/Gap2/AtiyahSinger/IndexTheorem.lean,39,False,False,186,PARKED,where /-- The underlying topological space -/ carrier : Type* /-- Compactness -/ compact : CompactSpace carrier /-- Orientability -/ oriented : True -- Placeholder for orientation structure /-- Spin structure -/ spin : True -- Placeholder for spin structure /-- Dimension is 4 -/ dim_eq_four : True
PrincipalBundle,structure,Phase1/YangMills/Gap2/AtiyahSinger/IndexTheorem.lean,52,False,False,156,PARKED,(M : Manifold4D) (N : ℕ) where /-- Total space of the bundle -/ total : Type* /-- Projection to base manifold -/ proj : total → M.carrier /-- SU(N) action -/ action : True -- Placeholder for group action
Connection,structure,Phase1/YangMills/Gap2/AtiyahSinger/IndexTheorem.lean,61,False,False,169,PARKED,(M : Manifold4D) (N : ℕ) (P : PrincipalBundle M N) where /-- Connection 1-form (Lie algebra-valued) -/ form : True -- Placeholder for connection form /-- Gauge covariance -/ covariant : True
curvature,def,Phase1/YangMills/Gap2/AtiyahSinger/IndexTheorem.lean,68,False,False,0,PARKED,{M : Manifold4D} {N : ℕ} {P : PrincipalBundle M N} (A : Connection M N P) : True
associatedBundle,def,Phase1/YangMills/Gap2/AtiyahSinger/IndexTheorem.lean,73,False,False,0,PARKED,{M : Manifold4D} {N : ℕ} (P : PrincipalBundle M N) : Type*
spinorBundle,def,Phase1/YangMills/Gap2/AtiyahSinger/IndexTheorem.lean,79,False,False,0,PARKED,(M : Manifold4D) : Type*
spinorSections,def,Phase1/YangMills/Gap2/AtiyahSinger/IndexTheorem.lean,83,False,False,2,PARKED,{M : Manifold4D} {N : ℕ} {P : PrincipalBundle M N} (A : Connection M N P) : Type*
DiracOperator,structure,Phase1/YangMills/Gap2/AtiyahSinger/IndexTheorem.lean,88,False,False,14,PARKED,{M : Manifold4D} {N : ℕ} {P : PrincipalBundle M N} (A : Connection M N P) where /-- The operator D_A : Γ(S ⊗ E) → Γ(S ⊗ E) -/ op : spinorSections A → spinorSections A /-- Ellipticity (ensures Fredholm property) -/ elliptic : True /-- Self-adjointness -/ selfAdjoint : True
fredholmIndex,def,Phase1/YangMills/Gap2/AtiyahSinger/IndexTheorem.lean,100,False,False,9,PARKED,{M : Manifold4D} {N : ℕ} {P : PrincipalBundle M N} {A : Connection M N P} (D : DiracOperator A) : ℤ
chernClass2,def,Phase1/YangMills/Gap2/AtiyahSinger/IndexTheorem.lean,105,False,False,4,PARKED,{M : Manifold4D} {N : ℕ} {P : PrincipalBundle M N} (A : Connection M N P) : ℤ
instantonNumber,def,Phase1/YangMills/Gap2/AtiyahSinger/IndexTheorem.lean,110,False,False,4,PARKED,{M : Manifold4D} {N : ℕ} {P : PrincipalBundle M N} (A : Connection M N P) : ℤ
atiyahSingerIndex,axiom,Phase1/YangMills/Gap2/AtiyahSinger/IndexTheorem.lean,123,False,False,1,PARKED,{M : Manifold4D} {N : ℕ} {P : PrincipalBundle M N} {A : Connection M N P} (D : DiracOperator A) : fredholmIndex D = instantonNumber A
index_eq_chern,theorem,Phase1/YangMills/Gap2/AtiyahSinger/IndexTheorem.lean,128,False,False,0,PARKED,{M : Manifold4D} {N : ℕ} {P : PrincipalBundle M N} {A : Connection M N P} (D : DiracOperator A) : fredholmIndex D = chernClass2 A
topologicalSector,def,Phase1/YangMills/Gap2/AtiyahSinger/IndexTheorem.lean,136,False,False,4,PARKED,(M : Manifold4D) (N : ℕ) (P : PrincipalBundle M N) (k : ℤ) : Type*
gaugePreservesInstanton,axiom,Phase1/YangMills/Gap2/AtiyahSinger/IndexTheorem.lean,140,False,False,0,PARKED,{M : Manifold4D} {N : ℕ} {P : PrincipalBundle M N} (A : Connection M N P) (g : True) : -- g is gauge transformation instantonNumber A = instantonNumber A -- A^g has same k
gribovCopiesDifferentIndices,axiom,Phase1/YangMills/Gap2/AtiyahSinger/IndexTheorem.lean,147,False,False,0,PARKED,{M : Manifold4D} {N : ℕ} {P : PrincipalBundle M N} (A A' : Connection M N P) : True -- A and A' are Gribov copies → may have ind(D_A) ≠ ind(D_A')
PairingMap,structure,Phase1/YangMills/Gap2/AtiyahSinger/TopologicalPairing.lean,50,False,True,13,PARKED,"(M : Manifold4D) (N : ℕ) (P : PrincipalBundle M N) where /-- The pairing function -/ map : Connection M N P → Connection M N P /-- Involution property: P ∘ P = id -/ involution : ∀ A, map (map A) = A /-- Chern reversal: ch(P(A)) = -ch(A) -/ chernReversal : ∀ A, chernClass2 (map A) = -(chernClass2 A) /-- Index reversal: ind(D_{P(A)}) = -ind(D_A) -/ indexReversal : ∀ A (D : DiracOperator A) (D' : Di"
orientationReversalPairing,def,Phase1/YangMills/Gap2/AtiyahSinger/TopologicalPairing.lean,68,False,True,0,PARKED,(M : Manifold4D) (N : ℕ) (P : PrincipalBundle M N) : PairingMap M N P where map A
conjugationReflectionPairing,def,Phase1/YangMills/Gap2/AtiyahSinger/TopologicalPairing.lean,80,False,True,0,PARKED,(M : Manifold4D) (N : ℕ) (P : PrincipalBundle M N) : PairingMap M N P where map A
hodgeDualPairing,def,Phase1/YangMills/Gap2/AtiyahSinger/TopologicalPairing.lean,92,False,True,0,PARKED,(M : Manifold4D) (N : ℕ) (P : PrincipalBundle M N) : PairingMap M N P where map A
existsPairingMap,axiom,Phase1/YangMills/Gap2/AtiyahSinger/TopologicalPairing.lean,118,False,False,1,PARKED,"(M : Manifold4D) (N : ℕ) (P : PrincipalBundle M N) : ∃ (𝒫 : PairingMap M N P), True"
thePairingMap,def,Phase1/YangMills/Gap2/AtiyahSinger/TopologicalPairing.lean,122,False,True,0,PARKED,(M : Manifold4D) (N : ℕ) (P : PrincipalBundle M N) : PairingMap M N P
moduliSpace,def,Phase1/YangMills/Gap2/AtiyahSinger/TopologicalPairing.lean,129,False,True,1,PARKED,(M : Manifold4D) (N : ℕ) (P : PrincipalBundle M N) : Type*
moduliSector,def,Phase1/YangMills/Gap2/AtiyahSinger/TopologicalPairing.lean,133,False,True,2,PARKED,(M : Manifold4D) (N : ℕ) (P : PrincipalBundle M N) (k : ℤ) : Type*
moduliStratification,axiom,Phase1/YangMills/Gap2/AtiyahSinger/TopologicalPairing.lean,152,False,False,1,PARKED,(M : Manifold4D) (N : ℕ) (P : PrincipalBundle M N) : moduliSpace M N P = Unit -- Placeholder for ⊔_k M_k
pairingBijection,theorem,Phase1/YangMills/Gap2/AtiyahSinger/TopologicalPairing.lean,156,False,True,1,PARKED,"(M : Manifold4D) (N : ℕ) (P : PrincipalBundle M N) (k : ℤ) : ∃ (f : moduliSector M N P k → moduliSector M N P (-k)), Function.Bijective f"
BRSTOperator,structure,Phase1/YangMills/Gap2/GribovCancellation.lean,25,False,False,46,PARKED,"(F : Type*) [GaugeTheoryFields F] where op : F → F -- AXIOM: Nilpotency (Q² = 0), the fundamental BRST property nilpotent : ∀ (φ : F), op (op φ) = 0"
faddeevPopovDeterminant,def,Phase1/YangMills/Gap2/GribovCancellation.lean,31,False,False,2,PARKED,(F : Type*) [GaugeTheoryFields F] : F
gribovFunctional,def,Phase1/YangMills/Gap2/GribovCancellation.lean,34,False,False,2,PARKED,(F : Type*) [GaugeTheoryFields F] : F
PathIntegral,def,Phase1/YangMills/Gap2/GribovCancellation.lean,37,False,False,2,PARKED,{F : Type*} [GaugeTheoryFields F] (f : F) : ℝ
gribov_identity,axiom,Phase1/YangMills/Gap2/GribovCancellation.lean,48,False,False,1,PARKED,{F : Type*} [GaugeTheoryFields F] (Q : BRSTOperator F) : faddeevPopovDeterminant F = Q.op (gribovFunctional F)
brst_invariance,axiom,Phase1/YangMills/Gap2/GribovCancellation.lean,61,False,False,1,PARKED,{F : Type*} [GaugeTheoryFields F] (Q : BRSTOperator F) (f : F) : PathIntegral (Q.op f) = 0
gribov_cancellation,theorem,Phase1/YangMills/Gap2/GribovCancellation.lean,74,False,False,0,PARKED,{F : Type*} [GaugeTheoryFields F] (Q : BRSTOperator F) : PathIntegral (faddeevPopovDeterminant F) = 0
gap2_complete,theorem,Phase1/YangMills/Gap2/GribovCancellation.lean,89,False,False,1,PARKED,{F : Type*} [GaugeTheoryFields F] : True
Polymer,structure,Phase1/YangMills/Gap3/BFS_Convergence.lean,20,False,False,2,PARKED,where sites : Finset ℕ connected : True -- Placeholder for connectedness condition
Cluster,def,Phase1/YangMills/Gap3/BFS_Convergence.lean,25,False,False,7,PARKED,
Cluster.size,def,Phase1/YangMills/Gap3/BFS_Convergence.lean,28,False,False,0,PARKED,(C : Cluster) : ℕ
clusterCoefficient,def,Phase1/YangMills/Gap3/BFS_Convergence.lean,32,False,False,7,PARKED,(C : Cluster) : ℝ
cluster_decay,axiom,Phase1/YangMills/Gap3/BFS_Convergence.lean,45,False,False,1,PARKED,(hγ : γ > 0) (C : Cluster) : |clusterCoefficient C| ≤ Real.exp (-γ * C.size)
cluster_expansion_converges,theorem,Phase1/YangMills/Gap3/BFS_Convergence.lean,54,False,False,0,PARKED,"(hγ : γ > 0) : ∀ (C : Cluster), C.size = 1 → |clusterCoefficient C| < 1"
gap3_complete,theorem,Phase1/YangMills/Gap3/BFS_Convergence.lean,76,False,False,1,PARKED,: True
simpleClustersOfSize,axiom,Phase1/YangMills/Gap3/LemmaA_Combinatorial.lean,17,False,False,5,PARKED,: Nat → List SimpleCluster
simpleClustersOfSize_spec,axiom,Phase1/YangMills/Gap3/LemmaA_Combinatorial.lean,20,False,False,0,PARKED,"(n : Nat) : ∀ C ∈ simpleClustersOfSize n, C.size = n"
simpleClustersOfSize_complete,axiom,Phase1/YangMills/Gap3/LemmaA_Combinatorial.lean,24,False,False,0,PARKED,(n : Nat) (C : SimpleCluster) : C.size = n → C ∈ simpleClustersOfSize n
μ_counting,def,Phase1/YangMills/Gap3/LemmaA_Combinatorial.lean,30,False,False,5,PARKED,: Float
μ_counting_nonneg,theorem,Phase1/YangMills/Gap3/LemmaA_Combinatorial.lean,33,False,False,0,PARKED,: μ_counting ≥ 0
exp,def,Phase1/YangMills/Gap3/LemmaA_Combinatorial.lean,38,False,False,0,PARKED,(x : Float) : Float
Assumption_combinatorial_validation,def,Phase1/YangMills/Gap3/LemmaA_Combinatorial.lean,63,False,False,1,PARKED,: Prop
lemmaA_counting,theorem,Phase1/YangMills/Gap3/LemmaA_Combinatorial.lean,76,False,False,0,PARKED,"(h_combinatorial_validation : Assumption_combinatorial_validation) : ∀ n : Nat, (simpleClustersOfSize n).length ≤ Nat.max 1 (Float.toUInt64 (exp (μ_counting * n.toFloat))).toNat"
cayley_bound,axiom,Phase1/YangMills/Gap3/LemmaA_Combinatorial.lean,85,False,False,0,PARKED,"(n : Nat) : n > 0 → ∃ (trees : Nat), trees ≤ n ^ (n - 2)"
coordination_bound,axiom,Phase1/YangMills/Gap3/LemmaA_Combinatorial.lean,89,False,False,0,PARKED,": ∃ (z : Nat), z > 0"
g0_critical,def,Phase1/YangMills/Gap3/LemmaB_Analytic.lean,17,False,False,5,PARKED,: Float
g0_critical_pos,theorem,Phase1/YangMills/Gap3/LemmaB_Analytic.lean,18,False,False,0,PARKED,: g0_critical > 0
a0_critical,def,Phase1/YangMills/Gap3/LemmaB_Analytic.lean,21,False,False,5,PARKED,: Float
a0_critical_pos,theorem,Phase1/YangMills/Gap3/LemmaB_Analytic.lean,22,False,False,0,PARKED,: a0_critical > 0
η_decay,def,Phase1/YangMills/Gap3/LemmaB_Analytic.lean,27,False,False,6,PARKED,: Float
η_decay_pos,theorem,Phase1/YangMills/Gap3/LemmaB_Analytic.lean,30,False,False,0,PARKED,: η_decay > 0
clusterCoefficient,def,Phase1/YangMills/Gap3/LemmaB_Analytic.lean,35,False,False,7,PARKED,(C : SimpleCluster) (g a : Float) : Float
in_convergence_region,def,Phase1/YangMills/Gap3/LemmaB_Analytic.lean,42,False,False,14,PARKED,(g a : Float) : Prop
Assumption_analytic_validation,def,Phase1/YangMills/Gap3/LemmaB_Analytic.lean,71,False,False,1,PARKED,: Prop
lemmaB_decay,theorem,Phase1/YangMills/Gap3/LemmaB_Analytic.lean,87,False,False,0,PARKED,": ∀ (g a : Float), 0 < g → g < g0_critical → 0 < a → a < a0_critical → ∀ C : SimpleCluster, Float.abs (clusterCoefficient C g a) ≤ Float.exp (-η_decay * C.size.toFloat) (h_analytic_validation : Assumption_analytic_validation)"
polymer_activity_bound,axiom,Phase1/YangMills/Gap3/LemmaB_Analytic.lean,99,False,False,0,PARKED,"(p : Polymer) (g a : Float) : 0 < g → g < g0_critical → 0 < a → a < a0_critical → ∃ (z : Float), Float.abs z ≤ Float.exp (-η_decay * p.sites.card.toFloat)"
laplacian,def,Phase1/YangMills/Gap4/RicciLimit.lean,3,False,False,6,PARKED,{A : Type*} [ConnectionSpace A] (h : TangentVector A) : ℝ
topological_term,def,Phase1/YangMills/Gap4/RicciLimit.lean,7,False,False,2,PARKED,{A : Type*} [ConnectionSpace A] (h : TangentVector A) : ℝ
bochner_identity,axiom,Phase1/YangMills/Gap4/RicciLimit.lean,18,False,False,1,PARKED,{A : Type*} [ConnectionSpace A] (a : A) (h : TangentVector A) : ricciTensor a h = laplacian h + topological_term h
topological_term_nonnegative,axiom,Phase1/YangMills/Gap4/RicciLimit.lean,30,False,False,1,PARKED,{A : Type*} [ConnectionSpace A] (h : TangentVector A) : topological_term h ≥ 0
ricci_lower_bound,theorem,Phase1/YangMills/Gap4/RicciLimit.lean,42,False,False,0,PARKED,{A : Type*} [ConnectionSpace A] (a : A) (h : TangentVector A) : ricciTensor a h ≥ laplacian h
axiom_adjoint_property,axiom,Phase1/YangMills/Gap4/RicciLimit/R1_Bochner/LaplacianConnection.lean,19,False,False,0,PARKED,"(∇ : MetricConnection E M) (s t : Section E) : ⟨(adjoint_connection ∇) (∇.nabla s), t⟩ = ⟨∇.nabla s, ∇.nabla t⟩"
axiom_adjoint_norm,axiom,Phase1/YangMills/Gap4/RicciLimit/R1_Bochner/LaplacianConnection.lean,33,False,False,0,PARKED,"(∇ : MetricConnection E M) (s : Section E) : ⟨(adjoint_connection ∇) (∇.nabla s), s⟩ = ‖∇.nabla s‖²"
riemannTensor,axiom,Phase1/YangMills/Gap4/RicciLimit/R3_Decomposition/RicciTensorFormula.lean,71,False,False,6,PARKED,(g : RiemannianMetric M) : TangentBundle M → TangentBundle M → TangentBundle M → TangentBundle M → ℝ
axiom_riemann_symmetry,axiom,Phase1/YangMills/Gap4/RicciLimit/R3_Decomposition/RicciTensorFormula.lean,85,False,False,1,PARKED,(g : RiemannianMetric M) (i j : Fin n) : Ric[g] i j = Ric[g] j i
axiom_ricci_christoffel,axiom,Phase1/YangMills/Gap4/RicciLimit/R3_Decomposition/RicciTensorFormula.lean,100,False,False,1,PARKED,"(g : RiemannianMetric M) (x : M) (chart : LocalHomeomorph M (EuclideanSpace ℝ (Fin n))) (i j : Fin n) : Ric[g] (chart x) i j = ∑ k, (∂_k Γ^k_{ij} - ∂_j Γ^k_{ik} + ∑ l, (Γ^k_{il} * Γ^l_{jk} - Γ^k_{jl} * Γ^l_{ik}))"
axiom_bianchi_contracted,axiom,Phase1/YangMills/Gap4/RicciLimit/R3_Decomposition/RicciTensorFormula.lean,118,False,False,1,PARKED,(g : RiemannianMetric M) (i j k : Fin n) : ∇_i (Ric[g] j k) + ∇_j (Ric[g] k i) + ∇_k (Ric[g] i j) = 0
ricciTensor,def,Phase1/YangMills/Gap4/RicciLimit/R3_Decomposition/RicciTensorFormula.lean,123,False,False,9,PARKED,(g : RiemannianMetric M) : TangentBundle M → TangentBundle M → ℝ
ricci_tensor_formula,theorem,Phase1/YangMills/Gap4/RicciLimit/R3_Decomposition/RicciTensorFormula.lean,131,False,False,0,PARKED,"(g : RiemannianMetric M) : ∀ (i j : Fin n), Ric[g] i j = ∑ k l, (g.inverse k l) * (riemannTensor g i k j l)"
ricci_symmetric,theorem,Phase1/YangMills/Gap4/RicciLimit/R3_Decomposition/RicciTensorFormula.lean,142,False,False,0,PARKED,"(g : RiemannianMetric M) : ∀ (i j : Fin n), Ric[g] i j = Ric[g] j i"
scalarCurvature,def,Phase1/YangMills/Gap4/RicciLimit/R3_Decomposition/RicciTensorFormula.lean,153,False,False,3,PARKED,(g : RiemannianMetric M) : M → ℝ
ricci_to_scalar_curvature,theorem,Phase1/YangMills/Gap4/RicciLimit/R3_Decomposition/RicciTensorFormula.lean,160,False,False,0,PARKED,"(g : RiemannianMetric M) : ∀ (x : M), R[g] x = ∑ i j, (g.inverse x i j) * (Ric[g] x i j)"
ricci_local_coordinates,theorem,Phase1/YangMills/Gap4/RicciLimit/R3_Decomposition/RicciTensorFormula.lean,168,False,False,0,PARKED,"(g : RiemannianMetric M) (x : M) (chart : LocalHomeomorph M (EuclideanSpace ℝ (Fin n))) : ∀ (i j : Fin n), Ric[g] (chart x) i j = ∑ k, (∂_k Γ^k_{ij} - ∂_j Γ^k_{ik} + ∑ l, (Γ^k_{il} * Γ^l_{jk} - Γ^k_{jl} * Γ^l_{ik}))"
bianchi_identity_ricci,theorem,Phase1/YangMills/Gap4/RicciLimit/R3_Decomposition/RicciTensorFormula.lean,182,False,False,0,PARKED,"(g : RiemannianMetric M) : ∀ (i j k : Fin n), ∇_i (Ric[g] j k) + ∇_j (Ric[g] k i) + ∇_k (Ric[g] i j) = 0"
ricci_tensor_formula_axiom,axiom,Phase1/YangMills/Gap4/RicciLimit/R3_Decomposition/RicciTensorFormula.lean,192,False,False,0,PARKED,"{M : Type*} [SmoothManifold M] [RiemannianManifold M] : ∃ (formula : Type), True"
ModuliSpace,def,Phase1/YangMills/Gap4/RicciLowerBound/Prelude.lean,71,False,False,49,PARKED,(M : Type*) [Manifold4D M] (N : ℕ) : Type
RegularLocus,def,Phase1/YangMills/Gap4/RicciLowerBound/Prelude.lean,80,False,False,9,PARKED,(A_G : ModuliSpace M N) : Set (ModuliSpace M N)
l2_inner_product,axiom,Phase1/YangMills/Gap4/RicciLowerBound/Prelude.lean,93,False,False,0,PARKED,(ω₁ ω₂ : OneForm M) : ℝ
l2_metric,def,Phase1/YangMills/Gap4/RicciLowerBound/Prelude.lean,103,False,False,3,PARKED,(A_G : ModuliSpace M N) : RiemannianMetric A_G
ricci_curvature,def,Phase1/YangMills/Gap4/RicciLowerBound/Prelude.lean,114,False,False,4,PARKED,(A_G : ModuliSpace M N) : BilinearForm (TangentBundle A_G)
ricci_in_direction,def,Phase1/YangMills/Gap4/RicciLowerBound/Prelude.lean,120,False,False,4,PARKED,(A_G : ModuliSpace M N) (p : A_G) (v : TangentVector A_G p) : ℝ
yang_mills_functional,def,Phase1/YangMills/Gap4/RicciLowerBound/Prelude.lean,130,False,False,0,PARKED,(A : Connection M N P) : ℝ
hessian_yang_mills,def,Phase1/YangMills/Gap4/RicciLowerBound/Prelude.lean,138,False,False,8,PARKED,(A : Connection M N P) : BilinearForm (TangentSpace A)
axiom1_brst_measure_exists,axiom,Phase1/YangMills/Gap4/RicciLowerBound/Prelude.lean,144,False,False,0,PARKED,": ∃ μ : Measure (Connection M N P), IsBRSTInvariant μ"
axiom2_gribov_cancellation,axiom,Phase1/YangMills/Gap4/RicciLowerBound/Prelude.lean,148,False,False,6,PARKED,: GribovCancellation M N P
axiom3_bfs_convergence,axiom,Phase1/YangMills/Gap4/RicciLowerBound/Prelude.lean,152,False,False,2,PARKED,: BFSConvergence M N P
l2_metric_riemannian,axiom,Phase1/YangMills/Gap4/RicciLowerBound/R1_RicciWellDefined.lean,74,False,False,3,PARKED,": ∀ (A_G : ModuliSpace M N), IsRiemannianMetric (l2_metric A_G) (RegularLocus A_G)"
christoffel_symbols,axiom,Phase1/YangMills/Gap4/RicciLowerBound/R1_RicciWellDefined.lean,107,False,False,3,PARKED,(A_G : ModuliSpace M N) : ChristoffelSymbols A_G
riemann_tensor,axiom,Phase1/YangMills/Gap4/RicciLowerBound/R1_RicciWellDefined.lean,133,False,False,3,PARKED,(A_G : ModuliSpace M N) : RiemannTensor A_G
axiom_ricci_smooth,axiom,Phase1/YangMills/Gap4/RicciLowerBound/R1_RicciWellDefined.lean,146,False,False,1,PARKED,(A_G : ModuliSpace M N) : IsSmooth (ricci_tensor A_G)
axiom_ricci_well_defined_regular,axiom,Phase1/YangMills/Gap4/RicciLowerBound/R1_RicciWellDefined.lean,160,False,False,1,PARKED,(A_G : ModuliSpace M N) (p : ModuliSpace M N) (h_p : p ∈ RegularLocus A_G) : IsWellDefined (ricci_tensor A_G) p
lemma_R1_ricci_well_defined,theorem,Phase1/YangMills/Gap4/RicciLowerBound/R1_RicciWellDefined.lean,183,False,False,2,PARKED,"(A_G : ModuliSpace M N) : ∃ Ric : RicciTensor A_G, IsSmooth Ric ∧ (∀ p ∈ RegularLocus A_G, Ric.is_defined_at p)"
IsAntiSelfDual,def,Phase1/YangMills/Gap4/RicciLowerBound/R2_HessianLowerBound.lean,58,False,False,2,PARKED,(A : Connection M N P) : Prop
IsStable,def,Phase1/YangMills/Gap4/RicciLowerBound/R2_HessianLowerBound.lean,66,False,False,0,PARKED,(A : Connection M N P) : Prop
bourguignon_lawson_simons_formula,axiom,Phase1/YangMills/Gap4/RicciLowerBound/R2_HessianLowerBound.lean,94,False,False,1,PARKED,(A : Connection M N P) (ω : TangentVector A) : hessian_yang_mills A ω ω = ‖covariant_derivative A ω‖² + ‖codifferential A ω‖² + spacetime_ricci_contribution A ω + topological_terms A ω
spacetime_ricci_nonnegative,axiom,Phase1/YangMills/Gap4/RicciLowerBound/R2_HessianLowerBound.lean,122,False,False,1,PARKED,(A : Connection M N P) (ω : TangentVector A) : spacetime_ricci_contribution A ω ≥ 0
topological_terms_bounded,axiom,Phase1/YangMills/Gap4/RicciLowerBound/R2_HessianLowerBound.lean,149,False,False,1,PARKED,"(A : Connection M N P) (ω : TangentVector A) : ∃ C > 0, topological_terms A ω ≥ - C * ‖ω‖²"
lemma_R2_hessian_lower_bound,theorem,Phase1/YangMills/Gap4/RicciLowerBound/R2_HessianLowerBound.lean,169,False,False,0,PARKED,"(A : Connection M N P) : ∃ λ_min : ℝ, ∀ v : TangentVector A, hessian_yang_mills A v v ≥ λ_min * ‖v‖²"
asd_hessian_nonnegative,axiom,Phase1/YangMills/Gap4/RicciLowerBound/R2_HessianLowerBound.lean,223,False,False,1,PARKED,"(A : Connection M N P) (h_asd : IsAntiSelfDual A) : forall v : TangentVector A, hessian_yang_mills A v v >= 0"
asd_connections_stable,theorem,Phase1/YangMills/Gap4/RicciLowerBound/R2_HessianLowerBound.lean,229,False,False,0,PARKED,"(A : Connection M N P) (h_asd : IsAntiSelfDual A) : ∀ v : TangentVector A, hessian_yang_mills A v v ≥ 0"
oneill_formula,axiom,Phase1/YangMills/Gap4/RicciLowerBound/R3_HessianToRicci.lean,73,False,False,1,PARKED,(A_G : ModuliSpace M N) (p : A_G) (v : TangentVector A_G p) : ricci_in_direction A_G p v = ricci_in_ambient_space p v - oneill_tensor_norm_squared p v + vertical_contributions p v
hessian_controls_ambient_ricci,axiom,Phase1/YangMills/Gap4/RicciLowerBound/R3_HessianToRicci.lean,108,False,False,1,PARKED,(A : Connection M N P) (v : TangentVector A) (λ_min : ℝ) : (hessian_yang_mills A v v ≥ λ_min * ‖v‖²) → (ricci_in_ambient_space (lift_to_ambient A) (lift_vector v) ≥ λ_min * ‖v‖²)
oneill_tensor_bounded,axiom,Phase1/YangMills/Gap4/RicciLowerBound/R3_HessianToRicci.lean,138,False,False,1,PARKED,"(p : ModuliSpace M N) (v : TangentVector (ModuliSpace M N) p) : ∃ C > 0, oneill_tensor_norm_squared p v ≤ C * ‖v‖²"
vertical_contributions_bounded,axiom,Phase1/YangMills/Gap4/RicciLowerBound/R3_HessianToRicci.lean,152,False,False,1,PARKED,"(p : ModuliSpace M N) (v : TangentVector (ModuliSpace M N) p) : ∃ C_vert : ℝ, vertical_contributions p v ≥ -C_vert * ‖v‖²"
uniform_geometric_bounds,axiom,Phase1/YangMills/Gap4/RicciLowerBound/R3_HessianToRicci.lean,173,False,False,1,PARKED,": ∃ (C_T C_vert : ℝ), C_T > 0 ∧ (∀ (p : ModuliSpace M N) (v : TangentVector (ModuliSpace M N) p), oneill_tensor_norm_squared p v ≤ C_T * ‖v‖² ∧ vertical_contributions p v ≥ -C_vert * ‖v‖²)"
ambient_ricci_worst_case,axiom,Phase1/YangMills/Gap4/RicciLowerBound/R3_HessianToRicci.lean,205,False,False,1,PARKED,": ∀ (p : ModuliSpace M N) (v : TangentVector (ModuliSpace M N) p), ricci_in_ambient_space p v ≥ -1 * ‖v‖²"
lemma_R3_hessian_to_ricci,theorem,Phase1/YangMills/Gap4/RicciLowerBound/R3_HessianToRicci.lean,227,False,False,0,PARKED,"(A_G : ModuliSpace M N) : (∀ A : Connection M N P, ∃ λ_min : ℝ, ∀ v, hessian_yang_mills A v v ≥ λ_min * ‖v‖²) → (∃ C > 0, ∀ p : A_G, ∀ v : TangentVector A_G p, ricci_in_direction A_G p v ≥ -C * ‖v‖²)"
RayleighSet,def,Phase1/YangMills/GapLowerBound.lean,55,False,False,2,PARKED,(unit : H → Prop) : Set ℝ
lambda₁,def,Phase1/YangMills/GapLowerBound.lean,59,False,False,6,PARKED,(unit : H → Prop) : ℝ
GapHypotheses,structure,Phase1/YangMills/GapLowerBound.lean,68,False,False,2,PARKED,(unit : H → Prop) (c : ℝ) : Prop
gap_lower_bound,theorem,Phase1/YangMills/GapLowerBound.lean,75,False,False,13,PARKED,{unit : H → Prop} {c : ℝ} (h : GapHypotheses (H
gap_nonneg,theorem,Phase1/YangMills/GapLowerBound.lean,92,False,False,1,PARKED,"{unit : H → Prop} (h0 : ∀ f : H, unit f → f ∈ Admissible → (0 : ℝ) ≤ q f) (hne : ∃ f : H, unit f ∧ f ∈ Admissible) : (0 : ℝ) ≤ lambda₁ (H"
IsYangMillsQuotient,def,Phase1/YangMills/GapLowerBound.lean,102,False,False,0,PARKED,(L : H → H) (inner : H → H → ℝ) (norm : H → ℝ) : Prop
SatisfiesPoincare,def,Phase1/YangMills/GapLowerBound.lean,106,False,False,1,PARKED,(c : ℝ) (unit : H → Prop) : Prop
poincare_implies_gap,theorem,Phase1/YangMills/GapLowerBound.lean,110,False,False,0,PARKED,{unit : H → Prop} {c : ℝ} (hp : SatisfiesPoincare (H
Assumption_beta_validation,def,Phase1/YangMills/GeminiValidation.lean,107,False,False,0,PARKED,: Prop
validation_date,def,Phase1/YangMills/GeminiValidation.lean,115,False,False,0,PARKED,: String
validation_method,def,Phase1/YangMills/GeminiValidation.lean,118,False,False,0,PARKED,: String
validation_grid_size,def,Phase1/YangMills/GeminiValidation.lean,121,False,False,1,PARKED,: Nat
validation_success_rate,def,Phase1/YangMills/GeminiValidation.lean,124,False,False,1,PARKED,: Float
validation_confidence,def,Phase1/YangMills/GeminiValidation.lean,127,False,False,1,PARKED,: Float
validation_avg_margin,def,Phase1/YangMills/GeminiValidation.lean,130,False,False,0,PARKED,: Float
validation_worst_margin,def,Phase1/YangMills/GeminiValidation.lean,133,False,False,0,PARKED,: Float
validation_covers_convergence,theorem,Phase1/YangMills/GeminiValidation.lean,138,False,False,0,PARKED,(g a : Float) (h : in_convergence_region g a) : (0 < g ∧ g ≤ 1.18) ∧ (0 < a ∧ a ≤ 0.2)
validation_complete,theorem,Phase1/YangMills/GeminiValidation.lean,146,False,False,0,PARKED,: validation_success_rate = 1.00
validation_high_confidence,theorem,Phase1/YangMills/GeminiValidation.lean,149,False,False,0,PARKED,: validation_confidence ≥ 0.99
Conn,structure,Phase1/YangMills/GradientFlowConvergence.lean,31,False,False,52,PARKED,where dummy : Unit
Energy,def,Phase1/YangMills/GradientFlowConvergence.lean,35,False,False,25,PARKED,(A : Conn) : ℝ
Flow,structure,Phase1/YangMills/GradientFlowConvergence.lean,38,False,False,19,PARKED,"where evolve : ℝ≥0 → Conn → Conn monotone_energy : ∀ t A, Energy (evolve t A) ≤ Energy A"
TopCharge,structure,Phase1/YangMills/GradientFlowConvergence.lean,43,False,False,1,PARKED,"where Q : Conn → ℤ invariant : ∀ t A (Φ : Flow), Q (Φ.evolve t A) = Q A"
Compactness,structure,Phase1/YangMills/GradientFlowConvergence.lean,48,False,False,1,PARKED,where precompact_orbits : True
gradient_flow_convergence,theorem,Phase1/YangMills/GradientFlowConvergence.lean,52,False,False,0,PARKED,"(Φ : Flow) (TC : TopCharge) (Cpt : Compactness) : ∀ A₀, ∃ A∞, (Energy A∞ ≤ Energy A₀) ∧ TC.Q A∞ = TC.Q A₀"
RegularityHypotheses,structure,Phase1/YangMills/GribovCancellationThm.lean,74,False,False,4,PARKED,(M : Manifold4D) (N : ℕ) (P : PrincipalBundle M N) where /-- Sobolev space embeddings -/ sobolevEmbedding : True /-- Dominated convergence applies -/ dominatedConvergence : True /-- Gribov horizon is compact -/ gribovHorizonCompact : True /-- Path integral convergence -/ pathIntegralConverges : True
gribovCancellationTheorem,theorem,Phase1/YangMills/GribovCancellationThm.lean,115,False,False,0,PARKED,"{M : Manifold4D} {N : ℕ} {P : PrincipalBundle M N} (reg : RegularityHypotheses M N P) (𝒫 : PairingMap M N P) (Q : BRSTOperator M N P) : ∀ k : ℤ, k ≠ 0 → partitionFunctionSector k + partitionFunctionSector (-k) = 0"
onlyTrivialSectorContributes,theorem,Phase1/YangMills/GribovCancellationThm.lean,143,False,False,0,PARKED,{M : Manifold4D} {N : ℕ} {P : PrincipalBundle M N} (reg : RegularityHypotheses M N P) (𝒫 : PairingMap M N P) (Q : BRSTOperator M N P) : True
gribovAmbiguityResolved,theorem,Phase1/YangMills/GribovCancellationThm.lean,156,False,False,0,PARKED,{M : Manifold4D} {N : ℕ} {P : PrincipalBundle M N} (reg : RegularityHypotheses M N P) (𝒫 : PairingMap M N P) (Q : BRSTOperator M N P) (O : Observable M N P) : True
axiom2_now_theorem,theorem,Phase1/YangMills/GribovCancellationThm.lean,176,False,False,0,PARKED,{M : Manifold4D} {N : ℕ} {P : PrincipalBundle M N} (reg : RegularityHypotheses M N P) (𝒫 : PairingMap M N P) (Q : BRSTOperator M N P) : True
GribovRegion,def,Phase1/YangMills/GribovRegion.lean,33,False,False,16,PARKED,(A : GaugeConnection) : Prop
Assumption_gribov_nonempty_validation,def,Phase1/YangMills/GribovRegion.lean,50,False,False,2,PARKED,: Prop
Assumption_gribov_open_validation,def,Phase1/YangMills/GribovRegion.lean,54,False,False,2,PARKED,: Prop
Assumption_gribov_convex_validation,def,Phase1/YangMills/GribovRegion.lean,58,False,False,2,PARKED,: Prop
gribov_region_well_defined,theorem,Phase1/YangMills/GribovRegion.lean,62,False,False,0,PARKED,"(h_gribov_convex_validation : Assumption_gribov_convex_validation) (h_gribov_nonempty_validation : Assumption_gribov_nonempty_validation) (h_gribov_open_validation : Assumption_gribov_open_validation) : ∃ (A : GaugeConnection), GribovRegion A ∧ IsOpen {A | GribovRegion A} ∧ Convex ℝ {A | GribovRegion A}"
gribov_region_nonempty,theorem,Phase1/YangMills/GribovRegion.lean,73,False,False,0,PARKED,"(h_gribov_nonempty_validation : Assumption_gribov_nonempty_validation) : ∃ A : GaugeConnection, GribovRegion A"
gribov_region_open,theorem,Phase1/YangMills/GribovRegion.lean,79,False,False,0,PARKED,(h_gribov_open_validation : Assumption_gribov_open_validation) : IsOpen {A : GaugeConnection | GribovRegion A}
gribov_region_convex,theorem,Phase1/YangMills/GribovRegion.lean,85,False,False,0,PARKED,(h_gribov_convex_validation : Assumption_gribov_convex_validation) : Convex ℝ {A : GaugeConnection | GribovRegion A}
GaugeField,axiom,Phase1/YangMills/L3_TopologicalPairing.lean,39,False,False,63,PARKED,: Type* → Type* → Type*
GribovRegion,axiom,Phase1/YangMills/L3_TopologicalPairing.lean,44,False,False,16,PARKED,: Type* → Type* → Type*
gauge_transform,axiom,Phase1/YangMills/L3_TopologicalPairing.lean,49,False,False,3,PARKED,: G → A → A
gauge_condition,axiom,Phase1/YangMills/L3_TopologicalPairing.lean,54,False,False,2,PARKED,: A → Prop
gauge_orbit,def,Phase1/YangMills/L3_TopologicalPairing.lean,59,False,False,0,PARKED,(A_inst : A) : Set A
is_gribov_copy,def,Phase1/YangMills/L3_TopologicalPairing.lean,65,False,False,12,PARKED,(A₁ A₂ : A) : Prop
Orientation,axiom,Phase1/YangMills/L3_TopologicalPairing.lean,73,False,False,4,PARKED,: Type*
neg_orientation,axiom,Phase1/YangMills/L3_TopologicalPairing.lean,78,False,False,1,PARKED,: Orientation → Orientation
orbit_orientation,axiom,Phase1/YangMills/L3_TopologicalPairing.lean,86,False,False,2,PARKED,: A → Orientation
det_M_FP,axiom,Phase1/YangMills/L3_TopologicalPairing.lean,92,False,False,2,PARKED,: A → ℝ
faddeev_popov_sign,def,Phase1/YangMills/L3_TopologicalPairing.lean,97,False,False,2,PARKED,(A_inst : A) : ℤ
path_integral_measure,def,Phase1/YangMills/L3_TopologicalPairing.lean,103,False,False,1,PARKED,(A_inst : A) : ℝ
is_gauge_orbit,axiom,Phase1/YangMills/L3_TopologicalPairing.lean,109,False,False,1,PARKED,: Set A → Prop
integrate_gauge,axiom,Phase1/YangMills/L3_TopologicalPairing.lean,114,False,False,1,PARKED,: (A → ℝ) → Set A → ℝ
integrate_all,axiom,Phase1/YangMills/L3_TopologicalPairing.lean,121,False,False,1,PARKED,: (A → ℝ) → ℝ
topological_pairing_gribov_copies,axiom,Phase1/YangMills/L3_TopologicalPairing.lean,192,False,False,0,PARKED,": ∀ (A A' : A), is_gribov_copy A A' → orbit_orientation A = -(orbit_orientation A') ∧ faddeev_popov_sign A = -(faddeev_popov_sign A')"
gribov_cancellation_in_path_integral,axiom,Phase1/YangMills/L3_TopologicalPairing.lean,277,False,False,0,PARKED,": ∀ (f : A → ℝ), (∀ g : G, ∀ A_inst : A, f (gauge_transform g A_inst) = f A_inst) → ∀ (orbit : Set A), is_gauge_orbit orbit → (∫ A in orbit, path_integral_measure A * f A) = 0"
YMOperator,structure,Phase1/YangMills/LowerBound.lean,44,False,False,15,PARKED,where H : Type* [instH : InnerProductSpace ℝ H] [complete : CompleteSpace H] L : H →L[ℝ] H selfAdjoint : IsSelfAdjoint L
rayleighQuotient,def,Phase1/YangMills/LowerBound.lean,56,False,False,7,PARKED,(O : YMOperator) (v : O.H) (hv : v ≠ 0) : ℝ
spectralGap,def,Phase1/YangMills/LowerBound.lean,62,False,False,8,PARKED,(O : YMOperator) : ℝ
Coercive,structure,Phase1/YangMills/LowerBound.lean,68,False,False,12,PARKED,"(O : YMOperator) where c : ℝ c_pos : 0 < c bound : ∀ v : O.H, ⟪O.L v, v⟫ ≥ c * ‖v‖^2"
rayleigh_lower_bound,lemma,Phase1/YangMills/LowerBound.lean,76,False,False,1,PARKED,(O : YMOperator) (hc : Coercive O) (v : O.H) (hv : v ≠ 0) : rayleighQuotient O v hv ≥ hc.c
spectralGap_set_lower_bound,lemma,Phase1/YangMills/LowerBound.lean,93,False,False,1,PARKED,"(O : YMOperator) (hc : Coercive O) : ∀ r ∈ {r | ∃ v : O.H, ∃ hv : v ≠ 0, r = rayleighQuotient O v hv}, r ≥ hc.c"
spectral_gap_positive,theorem,Phase1/YangMills/LowerBound.lean,103,False,False,1,PARKED,(O : YMOperator) (hc : Coercive O) : spectralGap O ≥ hc.c
spectral_gap_pos,theorem,Phase1/YangMills/LowerBound.lean,118,False,False,2,PARKED,(O : YMOperator) (hc : Coercive O) : spectralGap O > 0
mass_gap_from_spectral_gap,theorem,Phase1/YangMills/LowerBound.lean,127,False,False,0,PARKED,"(O : YMOperator) (hc : Coercive O) : ∃ (m : ℝ), m > 0 ∧ ∀ (E : ℝ), (∃ ψ : O.H, O.L ψ = E • ψ ∧ ψ ≠ 0) → E ≥ m"
spectral_gap_variational,theorem,Phase1/YangMills/LowerBound.lean,147,False,False,0,PARKED,"(O : YMOperator) (hc : Coercive O) : spectralGap O = sInf {⟪O.L v, v⟫ / ‖v‖^2 | v : O.H, v ≠ 0}"
energy_lower_bound,theorem,Phase1/YangMills/LowerBound.lean,158,False,True,1,PARKED,"(O : YMOperator) (hc : Coercive O) (v : O.H) : ⟪O.L v, v⟫ ≥ hc.c * ‖v‖^2"
operator_invertible,theorem,Phase1/YangMills/LowerBound.lean,164,False,True,0,PARKED,(O : YMOperator) (hc : Coercive O) : Function.Injective O.L
yang_mills_mass_gap_formalized,theorem,Phase1/YangMills/Main.lean,44,False,False,1,PARKED,: True
main,def,Phase1/YangMills/Main.lean,55,False,False,0,PARKED,: IO Unit
mass_gap,axiom,Phase1/YangMills/MassGap.lean,38,False,False,121,PARKED,(g a : Float) : Float
mass_gap_pos,axiom,Phase1/YangMills/MassGap.lean,41,False,False,0,PARKED,(g a : Float) (hg : 0 < g ∧ g ≤ g0) (ha : 0 < a ∧ a ≤ a_max) : mass_gap g a > 0
phase1_mass_gap,def,Phase1/YangMills/MassGap.lean,50,False,False,0,PARKED,: Float
phase1_a,def,Phase1/YangMills/MassGap.lean,53,False,False,1,PARKED,: Float
phase1_gap_exists,axiom,Phase1/YangMills/MassGap.lean,56,False,False,0,PARKED,: mass_gap g0 phase1_a > 1.0 -- At least 1 GeV
gap_lower_bound,def,Phase1/YangMills/MassGap.lean,66,False,False,13,PARKED,: Float
gap_lower_bound_pos,theorem,Phase1/YangMills/MassGap.lean,68,False,False,0,PARKED,: gap_lower_bound > 0
predicted_mass_gap,def,Phase1/YangMills/MassGapStrongCoupling.lean,84,False,False,35,PARKED,: ℝ
experimental_mass_gap,def,Phase1/YangMills/MassGapStrongCoupling.lean,92,False,False,38,PARKED,: ℝ
beta_strong,def,Phase1/YangMills/MassGapStrongCoupling.lean,102,False,False,2,PARKED,: ℝ
beta_critical,def,Phase1/YangMills/MassGapStrongCoupling.lean,114,False,False,2,PARKED,: ℝ
hbar_c,def,Phase1/YangMills/MassGapStrongCoupling.lean,122,False,False,8,PARKED,: ℝ
mass_gap_fm,def,Phase1/YangMills/MassGapStrongCoupling.lean,134,False,False,6,PARKED,: ℝ
mass_gap_positive,theorem,Phase1/YangMills/MassGapStrongCoupling.lean,159,False,False,0,PARKED,: predicted_mass_gap > 0
strong_coupling_regime,theorem,Phase1/YangMills/MassGapStrongCoupling.lean,191,False,False,0,PARKED,: beta_strong < beta_critical
mass_gap_strong_coupling_consistency,theorem,Phase1/YangMills/MassGapStrongCoupling.lean,230,False,False,0,PARKED,: abs (predicted_mass_gap - experimental_mass_gap) / experimental_mass_gap < 0.02
exponential_decay_parameter_positive,theorem,Phase1/YangMills/MassGapStrongCoupling.lean,279,False,False,0,PARKED,: mass_gap_fm > 0
lebesgueDecomp,theorem,Phase1/YangMills/MeasureDecomposition.lean,54,False,False,1,PARKED,"(μ λ : Measure X) [SigmaFinite μ] [SigmaFinite λ] : ∃ f : X → ℝ≥0∞, μ = μ.withDensity f + μ.singularPart λ"
disintegrate_pi,axiom,Phase1/YangMills/MeasureDecomposition.lean,93,False,False,1,PARKED,"(μ : Measure X) (π : X → Y) (hπ : Measurable π) : ∃ κ : Y → Measure X, (∀ y, κ y (π ⁻¹' {y}) = 1) ∧ (∀ s, MeasurableSet s → μ s = ∫⁻ y, κ y s ∂(Measure.map π μ))"
pushToQuot,def,Phase1/YangMills/MeasureDecomposition.lean,102,False,False,0,PARKED,(μ : Measure X) (π : X → Y) (hπ : Measurable π) : Measure Y
measure_decomposition,theorem,Phase1/YangMills/MeasureDecomposition.lean,106,False,False,1,PARKED,"(μ λ : Measure X) (π : X → Y) (hπ : Measurable π) [SigmaFinite μ] [SigmaFinite λ] : ∃ f : X → ℝ≥0∞, ∃ κ : Y → Measure X, μ = μ.withDensity f + μ.singularPart λ ∧ (∀ s, MeasurableSet s → μ s = ∫⁻ y, κ y s ∂(Measure.map π μ))"
connection_to_M3,theorem,Phase1/YangMills/MeasureDecomposition.lean,125,False,False,0,PARKED,"(μ : Measure X) [SigmaFinite μ] (O : X → ℝ) (hO : Integrable O μ) : ∫ x, O x ∂μ = ∫ x, O x ∂(μ.withDensity (μ.rnDeriv μ)) + ∫ x, O x ∂(μ.singularPart μ)"
connection_to_L3,theorem,Phase1/YangMills/MeasureDecomposition.lean,134,False,False,0,PARKED,"(μ : Measure X) (π : X → Y) (hπ : Measurable π) [SigmaFinite μ] (horizon : Set X) (h_horizon : μ.singularPart μ horizon = 0) : ∀ (Q : Y → ℤ) (s : Set Y), MeasurableSet s → (Measure.map π μ) s = (Measure.map π μ) {y | Q y = -(Q y)}"
connection_to_BRST_FP,theorem,Phase1/YangMills/MeasureDecomposition.lean,145,False,False,0,PARKED,"(μ : Measure X) (λ : Measure X) [SigmaFinite μ] [SigmaFinite λ] (regular_region : Set X) (h_regular : μ.singularPart λ regular_region = 0) : ∀ (O : X → ℝ) (hO : Integrable O μ), ∫ x in regular_region, O x ∂μ = ∫ x in regular_region, O x * (μ.rnDeriv λ x).toReal ∂λ"
measure_decomposition_axiom,axiom,Phase1/YangMills/MeasureDecomposition.lean,154,False,False,0,PARKED,"{X Y : Type*} [MeasurableSpace X] [MeasurableSpace Y] (μ λ : Measure X) (π : X → Y) (hπ : Measurable π) [SigmaFinite μ] [SigmaFinite λ] : ∃ (decomposition : Type), True"
Flow,structure,Phase1/YangMills/Monotonicity.lean,45,False,False,19,PARKED,where /-- Energy functional at flow time t -/ Energy : ℝ → ℝ /-- Lyapunov hypothesis: energy is antitone (non-increasing) with t -/ antitone_energy : Antitone Energy
Entropy,def,Phase1/YangMills/Monotonicity.lean,54,False,False,34,PARKED,(Φ : Flow) (t : ℝ) : ℝ
entropy_monotone,theorem,Phase1/YangMills/Monotonicity.lean,59,False,False,1,PARKED,(Φ : Flow) : Monotone (Entropy Φ)
entropy_le_of_le,theorem,Phase1/YangMills/Monotonicity.lean,68,False,False,3,PARKED,(Φ : Flow) {t₁ t₂ : ℝ} (h : t₁ ≤ t₂) : Entropy Φ t₁ ≤ Entropy Φ t₂
energy_decreases,theorem,Phase1/YangMills/Monotonicity.lean,75,False,False,2,PARKED,(Φ : Flow) {t₁ t₂ : ℝ} (h : t₁ ≤ t₂) : Φ.Energy t₂ ≤ Φ.Energy t₁
entropy_increases,theorem,Phase1/YangMills/Monotonicity.lean,80,False,False,0,PARKED,(Φ : Flow) {t₁ t₂ : ℝ} (h : t₁ ≤ t₂) : Entropy Φ t₁ ≤ Entropy Φ t₂
second_law_analog,theorem,Phase1/YangMills/Monotonicity.lean,87,False,False,0,PARKED,"(Φ : Flow) : ∀ t₁ t₂, t₁ ≤ t₂ → Entropy Φ t₂ - Entropy Φ t₁ ≥ 0"
energy_dissipation,theorem,Phase1/YangMills/Monotonicity.lean,94,False,False,0,PARKED,"(Φ : Flow) : ∀ t₁ t₂, t₁ ≤ t₂ → Φ.Energy t₁ - Φ.Energy t₂ ≥ 0"
flow_stabilizes,theorem,Phase1/YangMills/Monotonicity.lean,110,False,False,1,PARKED,"(Φ : Flow) (h_bounded : ∃ E_min, ∀ t, E_min ≤ Φ.Energy t) : ∃ E_∞, ∀ ε > 0, ∃ T, ∀ t ≥ T, |Φ.Energy t - E_∞| < ε"
entropy_converges,theorem,Phase1/YangMills/Monotonicity.lean,138,False,False,0,PARKED,"(Φ : Flow) (h_bounded : ∃ E_min, ∀ t, E_min ≤ Φ.Energy t) : ∃ S_∞, ∀ ε > 0, ∃ T, ∀ t ≥ T, |Entropy Φ t - S_∞| < ε"
SatisfiesWilsonFlowPDE,def,Phase1/YangMills/Monotonicity.lean,157,False,False,1,PARKED,(Φ : Flow) (A : ℝ → ℝ → ℝ) : Prop
wilson_flow_is_lyapunov,axiom,Phase1/YangMills/Monotonicity.lean,162,False,False,0,PARKED,(Φ : Flow) (A : ℝ → ℝ → ℝ) : SatisfiesWilsonFlowPDE Φ A → Antitone Φ.Energy
State,structure,Phase1/YangMills/MultiSectorSampling.lean,32,False,False,2,PARKED,where A : Unit Q : ℤ
Kernel,structure,Phase1/YangMills/MultiSectorSampling.lean,37,False,False,15,PARKED,where step : State → ProbabilityMeasure State ergodic : True
MultiSectorSupport,structure,Phase1/YangMills/MultiSectorSampling.lean,42,False,False,1,PARKED,where supp : Set ℤ nontrivial : {q | q ∈ supp}.Nonempty
multi_sector_sampling,theorem,Phase1/YangMills/MultiSectorSampling.lean,47,False,False,0,PARKED,(K : Kernel) (S : MultiSectorSupport) : True
Field,structure,Phase1/YangMills/Positivity.lean,47,False,False,15,PARKED,where /-- Electric field E -/ E : ℝ → ℝ /-- Magnetic field B -/ B : ℝ → ℝ /-- Square integrability of E -/ E_sq_integrable : Integrable (fun x => (E x)^2) /-- Square integrability of B -/ B_sq_integrable : Integrable (fun x => (B x)^2)
energyDensity,def,Phase1/YangMills/Positivity.lean,60,False,False,9,PARKED,(A : Field) (x : ℝ) : ℝ
energyDensity_nonneg,lemma,Phase1/YangMills/Positivity.lean,64,False,False,2,PARKED,"(A : Field) : ∀ x, 0 ≤ energyDensity A x"
integrable_energyDensity,lemma,Phase1/YangMills/Positivity.lean,74,False,False,2,PARKED,(A : Field) : Integrable (energyDensity A)
Hamiltonian,def,Phase1/YangMills/Positivity.lean,84,False,False,17,PARKED,(A : Field) : ℝ
hamiltonian_nonneg,theorem,Phase1/YangMills/Positivity.lean,90,False,False,4,PARKED,(A : Field) : 0 ≤ Hamiltonian A
hamiltonian_zero_iff_vacuumAE,theorem,Phase1/YangMills/Positivity.lean,97,False,False,2,PARKED,"(A : Field) : Hamiltonian A = 0 ↔ (∀ᵐ x, A.E x = 0 ∧ A.B x = 0)"
IsVacuumAE,def,Phase1/YangMills/Positivity.lean,147,False,False,4,PARKED,(A : Field) : Prop
vacuumAE_iff_energy_zero,theorem,Phase1/YangMills/Positivity.lean,150,False,False,2,PARKED,(A : Field) : IsVacuumAE A ↔ Hamiltonian A = 0
energy_bounded_below,theorem,Phase1/YangMills/Positivity.lean,155,False,False,0,PARKED,": ∃ Emin : ℝ, ∀ A : Field, Emin ≤ Hamiltonian A"
vacuum_is_minimum,theorem,Phase1/YangMills/Positivity.lean,162,False,True,0,PARKED,"(A : Field) (h_vac : IsVacuumAE A) : ∀ B : Field, Hamiltonian A ≤ Hamiltonian B"
ground_state_exists,theorem,Phase1/YangMills/Positivity.lean,170,False,True,0,PARKED,": ∃ A : Field, ∀ B : Field, Hamiltonian A ≤ Hamiltonian B"
bishop_gromov_volume_comparison,axiom,Phase1/YangMills/R4_BishopGromov.lean,73,False,False,1,PARKED,"{X : Type*} [RiemannianManifold X] (κ : ℝ) : (∀ p v, ricci_curvature X p v v ≥ (dimension X - 1) * κ * ‖v‖²) → (∀ p r, volume_ratio_nonincreasing X p r κ)"
volume_ratio_nonincreasing,axiom,Phase1/YangMills/R4_BishopGromov.lean,82,False,False,1,PARKED,(X : Type*) [RiemannianManifold X] (p : X) (r : ℝ) (κ : ℝ) : Prop
bounded_diameter_from_energy,axiom,Phase1/YangMills/R4_BishopGromov.lean,110,False,False,0,PARKED,"(A_G : ModuliSpace M N) (E_max : ℝ) : (∀ A, yang_mills_energy A ≤ E_max) → diameter A_G < ∞"
gromov_hausdorff_precompactness,axiom,Phase1/YangMills/R4_BishopGromov.lean,141,False,False,1,PARKED,"{X : Type*} [MetricSpace X] (C D v : ℝ) : (∀ p w, ricci_curvature X p w w ≥ -C * ‖w‖²) → (diameter X ≤ D) → (volume X ≥ v) → IsPrecompact X"
Assumption_diameter_finite,def,Phase1/YangMills/R4_BishopGromov.lean,166,False,False,1,PARKED,: Prop
lemma_R4_bishop_gromov,theorem,Phase1/YangMills/R4_BishopGromov.lean,169,False,False,0,PARKED,"(A_G : ModuliSpace M N) (h_diameter_finite : Assumption_diameter_finite) : (∃ C > 0, ∀ p v, ricci_in_direction A_G p v ≥ -C * ‖v‖²) → IsCompact A_G"
bishop_gromov_compatible_with_uhlenbeck,theorem,Phase1/YangMills/R4_BishopGromov.lean,193,False,False,0,PARKED,: (IsCompact (ModuliSpace M N)) → UhlenbeckCompactness M N P
BRSTMeasureStable,def,Phase1/YangMills/R5_CompactnessToStability.lean,42,False,False,2,PARKED,(μ : Measure (ModuliSpace M N)) : Prop
prokhorov_theorem,axiom,Phase1/YangMills/R5_CompactnessToStability.lean,70,False,False,1,PARKED,"{X : Type*} [CompactSpace X] [MetricSpace X] : ∀ (μ_n : ℕ → Measure X), (∀ n, IsProbabilityMeasure (μ_n n)) → ∃ (μ : Measure X) (n_k : ℕ → ℕ), StrictMono n_k ∧ TendstoWeakly (μ_n ∘ n_k) μ"
brst_measure_finite_on_compact,axiom,Phase1/YangMills/R5_CompactnessToStability.lean,99,False,False,1,PARKED,"(A_G : ModuliSpace M N) : IsCompact A_G → ∃ μ : Measure A_G, IsBRSTInvariant μ ∧ μ.real ≠ ⊤"
compactness_implies_stability,axiom,Phase1/YangMills/R5_CompactnessToStability.lean,125,False,False,1,PARKED,"{X : Type*} [CompactSpace X] [MetricSpace X] : ∀ (μ : Measure X), μ.real ≠ ⊤ → ∀ ε > 0, ∃ δ > 0, ∀ μ' : Measure X, dist_measures μ μ' < δ → ∀ f : X → ℝ, ‖∫ x, f x ∂μ - ∫ x, f x ∂μ'‖ < ε where dist_measures (μ μ' : Measure X)"
compact_implies_weak_convergence,theorem,Phase1/YangMills/R5_CompactnessToStability.lean,135,False,False,0,PARKED,"(A_G : ModuliSpace M N) : IsCompact A_G → ∀ (μ_n : ℕ → Measure A_G), (∀ n, IsBRSTInvariant (μ_n n)) → (∀ n, IsProbabilityMeasure (μ_n n)) → ∃ μ n_k, TendstoWeakly (μ_n ∘ n_k) μ"
lemma_R5_compactness_to_stability,theorem,Phase1/YangMills/R5_CompactnessToStability.lean,160,False,False,1,PARKED,"(A_G : ModuliSpace M N) : IsCompact A_G → ∃ μ : Measure A_G, IsBRSTInvariant μ ∧ BRSTMeasureStable μ"
r5_strengthens_axiom1,theorem,Phase1/YangMills/R5_CompactnessToStability.lean,185,False,False,0,PARKED,": (∃ μ : Measure (ModuliSpace M N), IsBRSTInvariant μ ∧ μ.real ≠ ⊤) → (IsCompact (ModuliSpace M N)) → (∃ μ : Measure (ModuliSpace M N), IsBRSTInvariant μ ∧ BRSTMeasureStable μ)"
X,abbrev,Phase1/YangMills/ReflectionPositivity.lean,46,False,False,0,PARKED,
μ,abbrev,Phase1/YangMills/ReflectionPositivity.lean,47,False,False,0,PARKED,
θ,def,Phase1/YangMills/ReflectionPositivity.lean,52,False,False,0,PARKED,(t : ℝ) : ℝ
θ_involutive,lemma,Phase1/YangMills/ReflectionPositivity.lean,55,False,False,1,PARKED,: Function.Involutive θ
Kernel,structure,Phase1/YangMills/ReflectionPositivity.lean,61,False,False,15,PARKED,"where /-- Kernel function K(x,y) -/ K : X → X → ℝ /-- Measurability -/ measurable : Measurable (fun p : X × X => K p.1 p.2)"
suppPos,def,Phase1/YangMills/ReflectionPositivity.lean,70,False,False,7,PARKED,(f : X → ℝ) : Prop
innerOS,def,Phase1/YangMills/ReflectionPositivity.lean,75,False,False,11,PARKED,(K : Kernel) (f g : X → ℝ) : ℝ
ReflectionPositive,structure,Phase1/YangMills/ReflectionPositivity.lean,81,False,False,7,PARKED,(K : Kernel) : Prop
innerOS_symm,lemma,Phase1/YangMills/ReflectionPositivity.lean,87,False,False,1,PARKED,(K : Kernel) (f g : X → ℝ) : innerOS K f g = innerOS K g f
reflection_positivity,theorem,Phase1/YangMills/ReflectionPositivity.lean,95,False,False,1,PARKED,(K : Kernel) (h : ReflectionPositive K) (f : X → ℝ) (hf : suppPos f) : 0 ≤ innerOS K f f
IsGNSBase,def,Phase1/YangMills/ReflectionPositivity.lean,103,False,False,0,PARKED,(K : Kernel) : Prop
os_axiom,theorem,Phase1/YangMills/ReflectionPositivity.lean,106,False,False,0,PARKED,"(K : Kernel) (h : ReflectionPositive K) : ∀ f, suppPos f → 0 ≤ innerOS K f f"
NullSpace,def,Phase1/YangMills/ReflectionPositivity.lean,111,False,False,0,PARKED,(K : Kernel) : Set (X → ℝ)
OSNorm,def,Phase1/YangMills/ReflectionPositivity.lean,115,False,False,3,PARKED,(K : Kernel) (f : X → ℝ) : ℝ
os_norm_nonneg,theorem,Phase1/YangMills/ReflectionPositivity.lean,119,False,False,1,PARKED,(K : Kernel) (h : ReflectionPositive K) (f : X → ℝ) (hf : suppPos f) : 0 ≤ OSNorm K f
OSReconstructionTheorem,def,Phase1/YangMills/ReflectionPositivity.lean,128,False,False,0,PARKED,(K : Kernel) : Prop
conj,def,Phase1/YangMills/Restoration.lean,44,False,False,2,PARKED,(z : ℂ) : ℂ
HasQuartetDecomp,axiom,Phase1/YangMills/Restoration.lean,47,False,False,20,PARKED,: BRSTOperator K → Prop axiom HasQuartetDecomp.decomposition {K : KinematicalSpace} {Q : BRSTOperator K} : HasQuartetDecomp Q → True
HasQuartetDecomp.decomposition,axiom,Phase1/YangMills/Restoration.lean,48,False,False,0,PARKED,{K : KinematicalSpace} {Q : BRSTOperator K} : HasQuartetDecomp Q → True
IsUnitarySpace,axiom,Phase1/YangMills/Restoration.lean,52,False,False,1,PARKED,: (α : Type*) → (α → α → ℂ) → Prop
IsUnitaryOperator,axiom,Phase1/YangMills/Restoration.lean,55,False,False,1,PARKED,{K : KinematicalSpace} {Q : BRSTOperator K} : (ℝ → PhysicalSpace K Q → PhysicalSpace K Q) → Prop
TimeEvolution.induced,axiom,Phase1/YangMills/Restoration.lean,59,False,False,0,PARKED,{K : KinematicalSpace} {Q : BRSTOperator K} : TimeEvolution K Q → ℝ → PhysicalSpace K Q → PhysicalSpace K Q
KinematicalSpace,structure,Phase1/YangMills/Restoration.lean,63,False,False,22,PARKED,"where /-- Underlying vector space -/ H : Type* [add : AddCommGroup H] [vec : Module ℂ H] /-- Inner product (possibly indefinite!) -/ inner : H → H → ℂ /-- Sesquilinearity -/ inner_add_left : ∀ x y z, inner (x + y) z = inner x z + inner y z inner_smul_left : ∀ (c : ℂ) x y, inner (c • x) y = conj c * inner x y inner_conj : ∀ x y, inner x y = conj (inner y x)"
BRSTOperator,structure,Phase1/YangMills/Restoration.lean,82,False,False,46,PARKED,"(K : KinematicalSpace) where /-- BRST charge Q -/ Q : K.H →ₗ[ℂ] K.H /-- Nilpotency: Q² = 0 -/ nil : Q.comp Q = 0 /-- Hermiticity: Q† = Q (EXPLICIT!) -/ hermitian : ∀ v w, K.inner (Q v) w = K.inner v (Q w)"
PhysicalSpace,def,Phase1/YangMills/Restoration.lean,93,False,False,18,PARKED,(K : KinematicalSpace) (Q : BRSTOperator K) : Type*
physical_inner,axiom,Phase1/YangMills/Restoration.lean,101,False,False,17,PARKED,(K : KinematicalSpace) (Q : BRSTOperator K) : PhysicalSpace K Q → PhysicalSpace K Q → ℂ
Assumption_physical_space_complete,def,Phase1/YangMills/Restoration.lean,107,False,False,1,PARKED,: Prop
Assumption_inner_zero_zero,def,Phase1/YangMills/Restoration.lean,112,False,False,1,PARKED,: Prop
Assumption_positivity_on_physical,def,Phase1/YangMills/Restoration.lean,121,False,False,1,PARKED,: Prop
positivity_on_physical,theorem,Phase1/YangMills/Restoration.lean,123,False,False,3,PARKED,"(K : KinematicalSpace) (Q : BRSTOperator K) (h_quartet : HasQuartetDecomp Q) (h_positivity_on_physical : Assumption_positivity_on_physical) : ∀ (ψ : PhysicalSpace K Q), ψ ≠ 0 → physical_inner K Q ψ ψ > 0"
TimeEvolution,structure,Phase1/YangMills/Restoration.lean,134,False,False,6,PARKED,"(K : KinematicalSpace) (Q : BRSTOperator K) where /-- Evolution U(t) -/ U : ℝ → K.H →ₗ[ℂ] K.H /-- BRST-invariant: [Q, U] = 0 -/ brst_invariant : ∀ t, (Q.Q).comp (U t) = (U t).comp Q.Q /-- Kinematical unitarity: U†U = 1 (on full space) -/ kine_unitary : ∀ t v w, K.inner ((U t) v) ((U t) w) = K.inner v w"
Assumption_unitarity_on_physical,def,Phase1/YangMills/Restoration.lean,145,False,False,1,PARKED,: Prop
unitarity_on_physical,theorem,Phase1/YangMills/Restoration.lean,149,False,False,2,PARKED,"(K : KinematicalSpace) (Q : BRSTOperator K) (U : TimeEvolution K Q) (h_quartet : HasQuartetDecomp Q) (h_unitarity_on_physical : Assumption_unitarity_on_physical) : ∀ t (ψ φ : PhysicalSpace K Q), physical_inner K Q (U.induced t ψ) (U.induced t φ) = physical_inner K Q ψ φ"
unitarity_restoration,theorem,Phase1/YangMills/Restoration.lean,162,False,False,0,PARKED,(K : KinematicalSpace) (Q : BRSTOperator K) (U : TimeEvolution K Q) (h_quartet : HasQuartetDecomp Q) : IsUnitarySpace (PhysicalSpace K Q) (physical_inner K Q) ∧ IsUnitaryOperator (U.induced) (h_physical_space_complete : Assumption_physical_space_complete)
no_ghost_states,theorem,Phase1/YangMills/Restoration.lean,183,False,False,0,PARKED,"(K : KinematicalSpace) (Q : BRSTOperator K) (h_quartet : HasQuartetDecomp Q) (h_inner_zero_zero : Assumption_inner_zero_zero) : ∀ (ψ : PhysicalSpace K Q), physical_inner K Q ψ ψ ≥ 0"
Assumption_s_matrix_unitary,def,Phase1/YangMills/Restoration.lean,197,False,False,1,PARKED,: Prop
s_matrix_unitary,theorem,Phase1/YangMills/Restoration.lean,201,False,False,0,PARKED,"(K : KinematicalSpace) (Q : BRSTOperator K) (S : PhysicalSpace K Q →ₗ[ℂ] PhysicalSpace K Q) (h_quartet : HasQuartetDecomp Q) (h_s_matrix_unitary : Assumption_s_matrix_unitary) : ∀ ψ φ, physical_inner K Q (S ψ) (S φ) = physical_inner K Q ψ φ"
SobolevSpace,structure,Phase1/YangMills/SobolevEmbedding.lean,57,False,False,3,PARKED,"(M : Type*) [TopologicalSpace M] [ChartedSpace ℝ M] (k : ℕ) (p : ℝ) where toFun : M → ℝ locallyInSobolev : ∀ (x : M), ∃ (U : Set M) (hU : IsOpen U) (hx : x ∈ U), -- In local coordinates, function is in W^{k,p} ∃ (chart : LocalHomeomorph M (EuclideanSpace ℝ (Fin n))), x ∈ chart.source ∧ -- Weak derivatives up to order k exist ∀ (α : Fin n → ℕ), (∑ i, α i) ≤ k → Integrable (fun y => (iteratedFDeriv "
HolderSpace,structure,Phase1/YangMills/SobolevEmbedding.lean,71,False,False,4,PARKED,"(M : Type*) [TopologicalSpace M] [MetricSpace M] (m : ℕ) (α : ℝ) where toFun : M → ℝ contDiff : ContDiff ℝ m toFun holderContinuous : ∀ (x y : M), ‖iteratedFDeriv ℝ m toFun x - iteratedFDeriv ℝ m toFun y‖ ≤ C * (dist x y) ^ α where C : ℝ"
Assumption_sobolev_embedding_validation,def,Phase1/YangMills/SobolevEmbedding.lean,89,False,False,1,PARKED,: Prop
sobolev_embedding,theorem,Phase1/YangMills/SobolevEmbedding.lean,96,False,False,1,PARKED,"{M : Type*} [TopologicalSpace M] [CompactSpace M] [ChartedSpace ℝ M] [SmoothManifoldWithCorners (𝓡 n) M] [MetricSpace M] {k m : ℕ} {p : ℝ} {α : ℝ} (hp : 1 ≤ p) (hα : 0 ≤ α ∧ α < 1) (hrel : k - n / p > m + α) (h_sobolev_embedding_validation : Assumption_sobolev_embedding_validation) : ∃ (ι : SobolevSpace M k p → HolderSpace M m α), Continuous ι ∧ Injective ι"
Assumption_sobolev_embedding_euclidean_validation,def,Phase1/YangMills/SobolevEmbedding.lean,131,False,False,1,PARKED,: Prop
sobolev_embedding_euclidean,lemma,Phase1/YangMills/SobolevEmbedding.lean,140,False,False,0,PARKED,"{n k m : ℕ} {p α : ℝ} (hp : 1 ≤ p) (hα : 0 ≤ α ∧ α < 1) (hrel : k - n / p > m + α) (h_sobolev_embedding_euclidean_validation : Assumption_sobolev_embedding_euclidean_validation) : ∃ (C : ℝ) (hC : 0 < C), ∀ (u : EuclideanSpace ℝ (Fin n) → ℝ), (∀ (β : Fin n → ℕ), (∑ i, β i) ≤ k → Integrable (fun x => (iteratedFDeriv ℝ k u x) ^ p)) → ∃ (hu : HolderSpace (EuclideanSpace ℝ (Fin n)) m α), hu.toFun = u"
Assumption_exists_partition_of_unity_validation,def,Phase1/YangMills/SobolevEmbedding.lean,158,False,False,1,PARKED,: Prop
exists_partition_of_unity,lemma,Phase1/YangMills/SobolevEmbedding.lean,169,False,False,0,PARKED,"{M : Type*} [TopologicalSpace M] [CompactSpace M] [LocallyCompactSpace M] [T2Space M] {ι : Type*} [Fintype ι] (U : ι → Set M) (hU : ∀ i, IsOpen (U i)) (hcover : ⋃ i, U i = univ) : ∃ (φ : ι → M → ℝ), (∀ i x, 0 ≤ φ i x ∧ φ i x ≤ 1) ∧ (∀ i, support (φ i) ⊆ U i) ∧ (∀ x, ∑ i, φ i x = 1) ∧ (∀ i, ContDiff ℝ ⊤ (φ i)) (h_exists_partition_of_unity_validation : Assumption_exists_partition_of_unity_validation"
sobolev_embedding_axiom,axiom,Phase1/YangMills/SobolevEmbedding.lean,184,False,False,0,PARKED,"{M : Type*} [TopologicalSpace M] [CompactSpace M] [ChartedSpace ℝ M] [SmoothManifoldWithCorners (𝓡 n) M] [MetricSpace M] {k m : ℕ} {p α : ℝ} (hp : 1 ≤ p) (hα : 0 ≤ α ∧ α < 1) (hrel : k - n / p > m + α) : ∃ (embedding : Type), True"
Conn,structure,Phase1/YangMills/Stability.lean,43,False,False,52,PARKED,"where /-- Topological charge Q ∈ ℤ (instanton number) -/ Q : ℤ /-- Implicit: Q = (1/8π²) ∫ Tr(F ∧ F), integer by Atiyah-Singer -/"
preconnected_discrete_is_singleton,lemma,Phase1/YangMills/Stability.lean,58,False,False,1,PARKED,"{α : Type*} [TopologicalSpace α] [DiscreteTopology α] {s : Set α} (hs : IsPreconnected s) (hne : s.Nonempty) : ∃ a, s = {a}"
continuous_to_discrete_is_constant,lemma,Phase1/YangMills/Stability.lean,87,False,False,1,PARKED,"{α β : Type*} [TopologicalSpace α] [TopologicalSpace β] [DiscreteTopology β] {s : Set α} (hs : IsPreconnected s) (hne : s.Nonempty) (f : α → β) (hf : Continuous f) : ∃ b, ∀ x ∈ s, f x = b"
topological_charge_constant,theorem,Phase1/YangMills/Stability.lean,106,False,False,3,PARKED,{Ω : Set Conn} (hΩ : IsPreconnected Ω) (hne : Ω.Nonempty) {A B : Conn} (hA : A ∈ Ω) (hB : B ∈ Ω) : A.Q = B.Q
charge_of_component,def,Phase1/YangMills/Stability.lean,136,False,False,2,PARKED,(Ω : Set Conn) (hΩ : IsPreconnected Ω) (hne : Ω.Nonempty) : ℤ
charge_characterizes_component,theorem,Phase1/YangMills/Stability.lean,140,False,False,0,PARKED,(Ω : Set Conn) (hΩ : IsPreconnected Ω) (hne : Ω.Nonempty) (A : Conn) (hA : A ∈ Ω) : A.Q = charge_of_component Ω hΩ hne
different_charge_different_component,theorem,Phase1/YangMills/Stability.lean,150,False,False,0,PARKED,"{A B : Conn} (h : A.Q ≠ B.Q) : ∀ (Ω : Set Conn), IsPreconnected Ω → ¬(A ∈ Ω ∧ B ∈ Ω)"
instanton_sectors_separated,theorem,Phase1/YangMills/Stability.lean,162,False,False,1,PARKED,(n m : ℤ) (h : n ≠ m) : Disjoint {A : Conn | A.Q = n} {A : Conn | A.Q = m}
Conn,structure,Phase1/YangMills/StabilityCondition.lean,33,True,False,52,UNKNOWN,where dummy : Unit
Hessian,def,Phase1/YangMills/StabilityCondition.lean,37,True,False,1,UNKNOWN,(A : Conn) : Unit → ℝ
Coercive,def,Phase1/YangMills/StabilityCondition.lean,41,True,False,12,UNKNOWN,(H : Unit → ℝ) (c : ℝ) : Prop
stability_condition,theorem,Phase1/YangMills/StabilityCondition.lean,45,True,False,0,UNKNOWN,(A : Conn) (c : ℝ) : Coercive (Hessian A) c → True
test_lambda,def,Phase1/YangMills/SyntaxTest.lean,6,True,False,1,UNKNOWN,(lambda_coupling : Nat) : Nat
test_explicit_type,theorem,Phase1/YangMills/SyntaxTest.lean,10,True,False,1,UNKNOWN,"(_ : ∃ (x : Nat), x > 0) : True"
test_trivial,theorem,Phase1/YangMills/SyntaxTest.lean,14,True,False,1,UNKNOWN,: True
Connection,structure,Phase1/YangMills/Topology/GribovPairing.lean,40,False,False,169,PARKED,(G : Type*) where field : ℝ → ℝ -- Simplified representation
GaugeTransformation,structure,Phase1/YangMills/Topology/GribovPairing.lean,44,False,False,15,PARKED,where map : ℝ → ℝ
chern_number,axiom,Phase1/YangMills/Topology/GribovPairing.lean,55,False,False,14,PARKED,{G : Type*} : Connection G → ℤ
BRST_operator,axiom,Phase1/YangMills/Topology/GribovPairing.lean,58,False,False,4,PARKED,{G : Type*} : Connection G → Connection G
connection_inner_product,axiom,Phase1/YangMills/Topology/GribovPairing.lean,61,False,False,2,PARKED,{G : Type*} : Connection G → Connection G → ℝ
satisfies_landau_gauge,axiom,Phase1/YangMills/Topology/GribovPairing.lean,64,False,False,2,PARKED,{G : Type*} : Connection G → Prop
related_by_gauge_transformation,axiom,Phase1/YangMills/Topology/GribovPairing.lean,67,False,False,1,PARKED,{G : Type*} : Connection G → Connection G → GaugeTransformation → Prop
is_gribov_copy,def,Phase1/YangMills/Topology/GribovPairing.lean,74,False,False,12,PARKED,{G : Type*} (A : Connection G) : Prop
gribov_topological_pairing,axiom,Phase1/YangMills/Topology/GribovPairing.lean,85,False,False,2,PARKED,"{G : Type*} : ∀ (A : Connection G), is_gribov_copy A → ∃ (A' : Connection G), is_gribov_copy A' ∧ chern_number A + chern_number A' = 0 ∧ connection_inner_product (BRST_operator A) (BRST_operator A') = 0"
gribov_pairs_brst_orthogonal,theorem,Phase1/YangMills/Topology/GribovPairing.lean,101,False,False,0,PARKED,"{G : Type*} (A A' : Connection G) (h_pair : is_gribov_copy A ∧ is_gribov_copy A' ∧ chern_number A + chern_number A' = 0) : ∃ (B' : Connection G), connection_inner_product (BRST_operator A) (BRST_operator B') = 0"
Assumption_gribov_cancellation_from_topology,def,Phase1/YangMills/Topology/GribovPairing.lean,120,False,False,1,PARKED,: Prop
gribov_cancellation_from_topology,theorem,Phase1/YangMills/Topology/GribovPairing.lean,129,False,False,1,PARKED,"{G : Type*} : (∀ A : Connection G, is_gribov_copy A → ∃ A', is_gribov_copy A' ∧ chern_number A + chern_number A' = 0) → (∀ (observable : Connection G → ℝ), (∀ A A', chern_number A + chern_number A' = 0 → observable A + observable A' = 0) → True) (h_gribov_cancellation_from_topology : Assumption_gribov_cancellation_from_topology)"
dirac_index,axiom,Phase1/YangMills/Topology/GribovPairing.lean,143,False,False,1,PARKED,{G : Type*} : ℤ
index_theorem_implies_pairing,axiom,Phase1/YangMills/Topology/GribovPairing.lean,146,False,False,1,PARKED,"{G : Type*} : (dirac_index : ℤ) = 0 → ∀ A : Connection G, is_gribov_copy A → ∃ A', is_gribov_copy A' ∧ chern_number A + chern_number A' = 0"
nu_measured,def,Phase1/YangMills/UniversalityScaling.lean,90,False,False,2,PARKED,: ℝ
nu_expected,def,Phase1/YangMills/UniversalityScaling.lean,98,False,False,3,PARKED,: ℝ
scaling_tolerance,def,Phase1/YangMills/UniversalityScaling.lean,101,False,False,2,PARKED,: ℝ
delta_sqrt_sigma_55,def,Phase1/YangMills/UniversalityScaling.lean,106,False,False,0,PARKED,: ℝ
delta_sqrt_sigma_57,def,Phase1/YangMills/UniversalityScaling.lean,109,False,False,0,PARKED,: ℝ
delta_sqrt_sigma_59,def,Phase1/YangMills/UniversalityScaling.lean,112,False,False,0,PARKED,: ℝ
delta_sqrt_sigma_60,def,Phase1/YangMills/UniversalityScaling.lean,115,False,False,0,PARKED,: ℝ
mean_delta_sqrt_sigma,def,Phase1/YangMills/UniversalityScaling.lean,121,False,False,2,PARKED,: ℝ
std_delta_sqrt_sigma,def,Phase1/YangMills/UniversalityScaling.lean,126,False,False,2,PARKED,: ℝ
R_squared_wilson,def,Phase1/YangMills/UniversalityScaling.lean,136,False,False,2,PARKED,: ℝ
string_tension,def,Phase1/YangMills/UniversalityScaling.lean,142,False,False,0,PARKED,: ℝ
area_law_threshold,def,Phase1/YangMills/UniversalityScaling.lean,145,False,False,2,PARKED,: ℝ
T_c_measured,def,Phase1/YangMills/UniversalityScaling.lean,153,False,False,2,PARKED,: ℝ
T_c_expected,def,Phase1/YangMills/UniversalityScaling.lean,158,False,False,3,PARKED,: ℝ
T_c_tolerance,def,Phase1/YangMills/UniversalityScaling.lean,161,False,False,2,PARKED,: ℝ
R_squared_asymptotic,def,Phase1/YangMills/UniversalityScaling.lean,170,False,False,2,PARKED,: ℝ
b_0,def,Phase1/YangMills/UniversalityScaling.lean,177,False,False,0,PARKED,: ℝ
asymptotic_threshold,def,Phase1/YangMills/UniversalityScaling.lean,180,False,False,2,PARKED,: ℝ
scaling_exponent_consistent,theorem,Phase1/YangMills/UniversalityScaling.lean,206,False,False,0,PARKED,: abs (nu_measured - nu_expected) / nu_expected < scaling_tolerance
universal_ratio_agreement,theorem,Phase1/YangMills/UniversalityScaling.lean,243,False,False,0,PARKED,: std_delta_sqrt_sigma / mean_delta_sqrt_sigma < 0.02
wilson_loop_area_law,theorem,Phase1/YangMills/UniversalityScaling.lean,279,False,False,0,PARKED,: R_squared_wilson > area_law_threshold
critical_temperature_consistent,theorem,Phase1/YangMills/UniversalityScaling.lean,311,False,False,0,PARKED,: abs (T_c_measured - T_c_expected) / T_c_expected < T_c_tolerance
asymptotic_scaling_verified,theorem,Phase1/YangMills/UniversalityScaling.lean,350,False,False,0,PARKED,: R_squared_asymptotic > asymptotic_threshold
axiom_gribov_cancellation_geometric,axiom,Phase1/archive/EntropicPrinciple.lean,26,False,False,3,PARKED,"(M : Manifold) (A : GaugeField M) : -- Gribov copies cancel in path integral (traditional statement) ∃ (cancellation : Prop), cancellation"
theorem_entropic_implies_geometric,theorem,Phase1/archive/EntropicPrinciple.lean,79,False,False,12,PARKED,"(M : Manifold) (A : GaugeField M) : (∃ (Δ : ℝ), Δ > 0 ∧ ∃ (L ΔS : ℝ), L > 0 ∧ ΔS > 0 ∧ Δ^2 = (2 * Real.pi / L)^2 * ΔS ∧ suppresses_gribov_copies M A Δ ∧ ∃ (k : ℝ), thermodynamic_sector_locking M A k) → (∃ (cancellation : Prop), cancellation)"
entropic_subsumes_geometric,theorem,Phase1/archive/EntropicPrinciple.lean,109,False,False,6,PARKED,(M : Manifold) (A : GaugeField M) : axiom_entropic_mass_gap_principle M A → axiom_gribov_cancellation_geometric M A
mass_gap_numerical_consistency,theorem,Phase1/archive/EntropicPrinciple.lean,123,False,False,8,PARKED,: abs (predicted_mass_gap - experimental_mass_gap) / experimental_mass_gap < 0.02
entropy_loss_positive,theorem,Phase1/archive/EntropicPrinciple.lean,141,False,False,8,PARKED,: entropy_loss > 0
zero_pairing_rate_expected,theorem,Phase1/archive/EntropicPrinciple.lean,171,False,False,8,PARKED,(M : Manifold) (A : GaugeField M) : axiom_entropic_mass_gap_principle M A → -- Zero pairing rate is consistent with (and predicted by) the theory True
axiom_holographic_consistency,axiom,Phase1/archive/EntropicPrinciple.lean,198,False,False,5,PARKED,": ∃ (α_predicted α_measured : ℝ), α_predicted = 0.25 ∧ α_measured = 0.26 ∧ abs (α_predicted - α_measured) / α_predicted < 0.05"
Manifold,axiom,Phase1/archive/EntropicPrinciple_OPUS45_ORIGINAL.lean,85,False,False,58,PARKED,: Type*
GaugeGroup,axiom,Phase1/archive/EntropicPrinciple_OPUS45_ORIGINAL.lean,88,False,False,28,PARKED,: Type*
GaugeField,axiom,Phase1/archive/EntropicPrinciple_OPUS45_ORIGINAL.lean,91,False,False,63,PARKED,: Manifold → Type*
Connection,axiom,Phase1/archive/EntropicPrinciple_OPUS45_ORIGINAL.lean,94,False,False,169,PARKED,: Type* → Type*
DensityMatrix,structure,Phase1/archive/EntropicPrinciple_OPUS45_ORIGINAL.lean,103,False,False,31,PARKED,where /-- Matrix representation as function -/ matrix : ℝ → ℝ → ℝ /-- Positivity: ⟨ψ|ρ|ψ⟩ ≥ 0 for all ψ -/ positive : Prop /-- Normalization: Tr(ρ) = 1 -/ normalized : Prop
QuantumState,axiom,Phase1/archive/EntropicPrinciple_OPUS45_ORIGINAL.lean,112,False,False,3,PARKED,: Type*
von_neumann_entropy,axiom,Phase1/archive/EntropicPrinciple_OPUS45_ORIGINAL.lean,128,False,False,15,PARKED,: DensityMatrix → ℝ
mutual_information,axiom,Phase1/archive/EntropicPrinciple_OPUS45_ORIGINAL.lean,141,False,False,12,PARKED,: DensityMatrix → DensityMatrix → ℝ
density_matrix_UV,axiom,Phase1/archive/EntropicPrinciple_OPUS45_ORIGINAL.lean,153,False,False,2,PARKED,: {G : Type*} → Connection G → ℝ → DensityMatrix
density_matrix_IR,axiom,Phase1/archive/EntropicPrinciple_OPUS45_ORIGINAL.lean,165,False,False,2,PARKED,: {G : Type*} → Connection G → ℝ → DensityMatrix
lattice_size,def,Phase1/archive/EntropicPrinciple_OPUS45_ORIGINAL.lean,170,False,False,6,PARKED,: ℝ
S_VN_UV,def,Phase1/archive/EntropicPrinciple_OPUS45_ORIGINAL.lean,173,False,False,25,PARKED,: ℝ
I_UV_IR,def,Phase1/archive/EntropicPrinciple_OPUS45_ORIGINAL.lean,176,False,False,25,PARKED,: ℝ
entropy_loss,def,Phase1/archive/EntropicPrinciple_OPUS45_ORIGINAL.lean,179,False,False,28,PARKED,: ℝ
predicted_mass_gap,def,Phase1/archive/EntropicPrinciple_OPUS45_ORIGINAL.lean,182,False,False,35,PARKED,: ℝ
experimental_mass_gap,def,Phase1/archive/EntropicPrinciple_OPUS45_ORIGINAL.lean,185,False,False,38,PARKED,: ℝ
vacuum_sector_index,def,Phase1/archive/EntropicPrinciple_OPUS45_ORIGINAL.lean,188,False,False,10,PARKED,: ℝ
agreement_percentage,def,Phase1/archive/EntropicPrinciple_OPUS45_ORIGINAL.lean,191,False,False,5,PARKED,: ℝ
entropy_functional,def,Phase1/archive/EntropicPrinciple_OPUS45_ORIGINAL.lean,213,False,False,0,PARKED,(ρ_UV ρ_IR : DensityMatrix) (yang_mills_action : ℝ) (λ_coupling : ℝ) : ℝ
suppresses_gribov_copies,def,Phase1/archive/EntropicPrinciple_OPUS45_ORIGINAL.lean,230,False,False,3,PARKED,(M : Manifold) (A : GaugeField M) (Δ : ℝ) : Prop
thermodynamic_sector_locking,def,Phase1/archive/EntropicPrinciple_OPUS45_ORIGINAL.lean,250,False,False,26,PARKED,(M : Manifold) (A : GaugeField M) (k : ℝ) : Prop
axiom_entropic_mass_gap_principle,axiom,Phase1/archive/EntropicPrinciple_OPUS45_ORIGINAL.lean,313,False,False,10,PARKED,"(M : Manifold) (A : GaugeField M) : ∃ (Δ : ℝ), -- 1. Mass gap is positive Δ > 0 ∧ -- 2. Mass gap follows from entropic formula: Δ² = (2π/L)² × ΔS ∃ (L ΔS : ℝ), L > 0 ∧ ΔS > 0 ∧ Δ^2 = (2 * Real.pi / L)^2 * ΔS ∧ -- 3. This suppresses Gribov copies suppresses_gribov_copies M A Δ ∧ -- 4. Vacuum locks in single sector ∃ (k : ℝ), thermodynamic_sector_locking M A k"
axiom_gribov_cancellation_geometric,axiom,Phase1/archive/EntropicPrinciple_OPUS45_ORIGINAL.lean,339,False,False,3,PARKED,"(M : Manifold) (A : GaugeField M) : -- Gribov copies cancel in path integral (traditional statement) ∃ (cancellation : Prop), cancellation"
theorem_entropic_implies_geometric,theorem,Phase1/archive/EntropicPrinciple_OPUS45_ORIGINAL.lean,392,False,False,12,PARKED,"(M : Manifold) (A : GaugeField M) : (∃ (Δ : ℝ), Δ > 0 ∧ ∃ (L ΔS : ℝ), L > 0 ∧ ΔS > 0 ∧ Δ^2 = (2 * Real.pi / L)^2 * ΔS ∧ suppresses_gribov_copies M A Δ ∧ ∃ (k : ℝ), thermodynamic_sector_locking M A k) → (∃ (cancellation : Prop), cancellation)"
entropic_subsumes_geometric,theorem,Phase1/archive/EntropicPrinciple_OPUS45_ORIGINAL.lean,422,False,False,6,PARKED,(M : Manifold) (A : GaugeField M) : axiom_entropic_mass_gap_principle M A → axiom_gribov_cancellation_geometric M A
mass_gap_numerical_consistency,theorem,Phase1/archive/EntropicPrinciple_OPUS45_ORIGINAL.lean,436,False,False,8,PARKED,: abs (predicted_mass_gap - experimental_mass_gap) / experimental_mass_gap < 0.02
entropy_loss_positive,theorem,Phase1/archive/EntropicPrinciple_OPUS45_ORIGINAL.lean,452,False,False,8,PARKED,: entropy_loss > 0
zero_pairing_rate_expected,theorem,Phase1/archive/EntropicPrinciple_OPUS45_ORIGINAL.lean,481,False,False,8,PARKED,(M : Manifold) (A : GaugeField M) : axiom_entropic_mass_gap_principle M A → -- Zero pairing rate is consistent with (and predicted by) the theory True
axiom_holographic_consistency,axiom,Phase1/archive/EntropicPrinciple_OPUS45_ORIGINAL.lean,508,False,False,5,PARKED,": ∃ (α_predicted α_measured : ℝ), α_predicted = 0.25 ∧ α_measured = 0.26 ∧ abs (α_predicted - α_measured) / α_predicted < 0.05"
zero_pairing_rate_expected,theorem,Phase1/archive/EntropicPrinciple_v2.lean,24,False,False,8,PARKED,"(M : Manifold) (A : GaugeField M) (_ : ∃ (Δ : ℝ), Δ > 0 ∧ ∃ (L ΔS : ℝ), L > 0 ∧ ΔS > 0 ∧ Δ^2 = (2 * Real.pi / L)^2 * ΔS ∧ suppresses_gribov_copies_entropic M A Δ ∧ ∃ (k : ℝ), thermodynamic_sector_locking M A k) : True"
von_neumann_entropy,axiom,Phase1/archive/EntropicPrinciple_v2_fixed.lean,21,False,False,15,PARKED,(ρ : DensityMatrix) : Real axiom mutual_information (ρ₁ ρ₂ : DensityMatrix) : Real axiom gribov_cancellation_principle (M : Manifold) (A : GaugeField M) : Prop
mutual_information,axiom,Phase1/archive/EntropicPrinciple_v2_fixed.lean,22,False,False,12,PARKED,(ρ₁ ρ₂ : DensityMatrix) : Real axiom gribov_cancellation_principle (M : Manifold) (A : GaugeField M) : Prop
gribov_cancellation_principle,axiom,Phase1/archive/EntropicPrinciple_v2_fixed.lean,23,False,False,2,PARKED,(M : Manifold) (A : GaugeField M) : Prop
lattice_size,def,Phase1/archive/EntropicPrinciple_v2_fixed.lean,30,False,False,6,PARKED,: Real
S_VN_UV,def,Phase1/archive/EntropicPrinciple_v2_fixed.lean,31,False,False,25,PARKED,: Real
I_UV_IR,def,Phase1/archive/EntropicPrinciple_v2_fixed.lean,32,False,False,25,PARKED,: Real
entropy_loss,def,Phase1/archive/EntropicPrinciple_v2_fixed.lean,33,False,False,28,PARKED,: ℝ
predicted_mass_gap,def,Phase1/archive/EntropicPrinciple_v2_fixed.lean,34,False,False,35,PARKED,: ℝ
experimental_mass_gap,def,Phase1/archive/EntropicPrinciple_v2_fixed.lean,35,False,False,38,PARKED,: ℝ
entropy_functional_local,def,Phase1/archive/EntropicPrinciple_v2_fixed.lean,38,False,False,5,PARKED,(ρ_UV ρ_IR : DensityMatrix) (yang_mills_action : ℝ) (lambda_coupling : ℝ) : ℝ
suppresses_gribov_copies_entropic,def,Phase1/archive/EntropicPrinciple_v2_fixed.lean,42,False,False,22,PARKED,(M : Manifold) (A : GaugeField M) (Δ : ℝ) : Prop
thermodynamic_sector_locking,def,Phase1/archive/EntropicPrinciple_v2_fixed.lean,47,False,False,26,PARKED,(M : Manifold) (A : GaugeField M) (k : ℝ) : Prop
entropic_mass_gap_principle,def,Phase1/archive/EntropicPrinciple_v2_fixed.lean,52,False,False,3,PARKED,(M : Manifold) (A : GaugeField M) : Prop
Assumption_entropic_implies_gribov_cancellation,def,Phase1/archive/EntropicPrinciple_v2_fixed.lean,68,False,False,1,PARKED,: Prop
entropic_implies_geometric,theorem,Phase1/archive/EntropicPrinciple_v2_fixed.lean,72,False,False,0,PARKED,(M : Manifold) (A : GaugeField M) : (entropic_mass_gap_principle M A) → (gribov_cancellation_principle M A) (h_entropic_implies_gribov_cancellation : Assumption_entropic_implies_gribov_cancellation)
zero_pairing_rate_is_consequence,theorem,Phase1/archive/EntropicPrinciple_v2_fixed.lean,79,False,False,0,PARKED,(M : Manifold) (A : GaugeField M) (h : entropic_mass_gap_principle M A) : True
mass_gap_numerical_consistency,theorem,Phase1/archive/EntropicPrinciple_v2_fixed.lean,86,False,False,8,PARKED,: abs (predicted_mass_gap - experimental_mass_gap) / experimental_mass_gap < 0.02
entropy_loss_positive,theorem,Phase1/archive/EntropicPrinciple_v2_fixed.lean,95,False,False,8,PARKED,: entropy_loss > 0
lattice_size,def,Phase1/archive/EntropicPrinciple_v3.lean,93,False,False,6,PARKED,: ℝ
S_VN_UV,def,Phase1/archive/EntropicPrinciple_v3.lean,96,False,False,25,PARKED,: ℝ
I_UV_IR,def,Phase1/archive/EntropicPrinciple_v3.lean,99,False,False,25,PARKED,: ℝ
entropy_loss,def,Phase1/archive/EntropicPrinciple_v3.lean,102,False,False,28,PARKED,: ℝ
predicted_mass_gap,def,Phase1/archive/EntropicPrinciple_v3.lean,105,False,False,35,PARKED,: ℝ
experimental_mass_gap,def,Phase1/archive/EntropicPrinciple_v3.lean,108,False,False,38,PARKED,: ℝ
vacuum_sector_index,def,Phase1/archive/EntropicPrinciple_v3.lean,111,False,False,10,PARKED,: ℝ
agreement_percentage,def,Phase1/archive/EntropicPrinciple_v3.lean,114,False,False,5,PARKED,: ℝ
entropy_functional_local,def,Phase1/archive/EntropicPrinciple_v3.lean,136,False,False,5,PARKED,(ρ_UV ρ_IR : DensityMatrix) (yang_mills_action : ℝ) (lambda_coupling : ℝ) : ℝ
suppresses_gribov_copies_entropic,def,Phase1/archive/EntropicPrinciple_v3.lean,153,False,False,22,PARKED,(M : Manifold) (_ : GaugeField M) (Δ : ℝ) : Prop
thermodynamic_sector_locking,def,Phase1/archive/EntropicPrinciple_v3.lean,173,False,False,26,PARKED,(M : Manifold) (_ : GaugeField M) (k : ℝ) : Prop
axiom_entropic_mass_gap_principle,axiom,Phase1/archive/EntropicPrinciple_v3.lean,236,False,False,10,PARKED,"(M : Manifold) (A : GaugeField M) : ∃ (Δ : ℝ), -- 1. Mass gap is positive Δ > 0 ∧ -- 2. Mass gap follows from entropic formula: Δ² = (2π/L)² × ΔS ∃ (L ΔS : ℝ), L > 0 ∧ ΔS > 0 ∧ Δ^2 = (2 * Real.pi / L)^2 * ΔS ∧ -- 3. This suppresses Gribov copies suppresses_gribov_copies_entropic M A Δ ∧ -- 4. Vacuum locks in single sector ∃ (k : ℝ), thermodynamic_sector_locking M A k"
theorem_entropic_implies_geometric,theorem,Phase1/archive/EntropicPrinciple_v3.lean,297,False,False,12,PARKED,"(M : Manifold) (A : GaugeField M) : (∃ (Δ : ℝ), Δ > 0 ∧ ∃ (L ΔS : ℝ), L > 0 ∧ ΔS > 0 ∧ Δ^2 = (2 * Real.pi / L)^2 * ΔS ∧ suppresses_gribov_copies_entropic M A Δ ∧ ∃ (k : ℝ), thermodynamic_sector_locking M A k) → (∃ (cancellation : Prop), cancellation)"
entropic_subsumes_geometric,theorem,Phase1/archive/EntropicPrinciple_v3.lean,327,False,False,6,PARKED,"(M : Manifold) (A : GaugeField M) (h_entropic : ∃ (Δ : ℝ), Δ > 0 ∧ ∃ (L ΔS : ℝ), L > 0 ∧ ΔS > 0 ∧ Δ^2 = (2 * Real.pi / L)^2 * ΔS ∧ suppresses_gribov_copies_entropic M A Δ ∧ ∃ (k : ℝ), thermodynamic_sector_locking M A k) : (∃ (cancellation : Prop), cancellation)"
mass_gap_numerical_consistency,theorem,Phase1/archive/EntropicPrinciple_v3.lean,343,False,False,8,PARKED,: abs (predicted_mass_gap - experimental_mass_gap) / experimental_mass_gap < 0.02
entropy_loss_positive,theorem,Phase1/archive/EntropicPrinciple_v3.lean,380,False,False,8,PARKED,: entropy_loss > 0
zero_pairing_rate_expected,theorem,Phase1/archive/EntropicPrinciple_v3.lean,418,False,False,8,PARKED,"(M : Manifold) (A : GaugeField M) (_ : ∃ (Δ : ℝ), Δ > 0 ∧ ∃ (L ΔS : ℝ), L > 0 ∧ ΔS > 0 ∧ Δ^2 = (2 * Real.pi / L)^2 * ΔS ∧ suppresses_gribov_copies_entropic M A Δ ∧ ∃ (k : ℝ), thermodynamic_sector_locking M A k) : True"
axiom_holographic_consistency,axiom,Phase1/archive/EntropicPrinciple_v3.lean,446,False,False,5,PARKED,": ∃ (α_predicted α_measured : ℝ), α_predicted = 0.25 ∧ α_measured = 0.26 ∧ abs (α_predicted - α_measured) / α_predicted < 0.05"
lattice_size,def,Phase1/archive/EntropicPrinciple_v4.lean,93,False,False,6,PARKED,: ℝ
S_VN_UV,def,Phase1/archive/EntropicPrinciple_v4.lean,96,False,False,25,PARKED,: ℝ
I_UV_IR,def,Phase1/archive/EntropicPrinciple_v4.lean,99,False,False,25,PARKED,: ℝ
entropy_loss,def,Phase1/archive/EntropicPrinciple_v4.lean,102,False,False,28,PARKED,: ℝ
predicted_mass_gap,def,Phase1/archive/EntropicPrinciple_v4.lean,105,False,False,35,PARKED,: ℝ
experimental_mass_gap,def,Phase1/archive/EntropicPrinciple_v4.lean,108,False,False,38,PARKED,: ℝ
vacuum_sector_index,def,Phase1/archive/EntropicPrinciple_v4.lean,111,False,False,10,PARKED,: ℝ
agreement_percentage,def,Phase1/archive/EntropicPrinciple_v4.lean,114,False,False,5,PARKED,: ℝ
entropy_functional_local,def,Phase1/archive/EntropicPrinciple_v4.lean,136,False,False,5,PARKED,(ρ_UV ρ_IR : DensityMatrix) (yang_mills_action : ℝ) (lambda_coupling : ℝ) : ℝ
suppresses_gribov_copies_entropic,def,Phase1/archive/EntropicPrinciple_v4.lean,153,False,False,22,PARKED,(M : Manifold) (_ : GaugeField M) (Δ : ℝ) : Prop
thermodynamic_sector_locking,def,Phase1/archive/EntropicPrinciple_v4.lean,173,False,False,26,PARKED,(M : Manifold) (_ : GaugeField M) (k : ℝ) : Prop
axiom_entropic_mass_gap_principle,axiom,Phase1/archive/EntropicPrinciple_v4.lean,236,False,False,10,PARKED,"(M : Manifold) (A : GaugeField M) : ∃ (Δ : ℝ), -- 1. Mass gap is positive Δ > 0 ∧ -- 2. Mass gap follows from entropic formula: Δ² = (2π/L)² × ΔS ∃ (L ΔS : ℝ), L > 0 ∧ ΔS > 0 ∧ Δ^2 = (2 * Real.pi / L)^2 * ΔS ∧ -- 3. This suppresses Gribov copies suppresses_gribov_copies_entropic M A Δ ∧ -- 4. Vacuum locks in single sector ∃ (k : ℝ), thermodynamic_sector_locking M A k"
theorem_entropic_implies_geometric,theorem,Phase1/archive/EntropicPrinciple_v4.lean,297,False,False,12,PARKED,"(M : Manifold) (A : GaugeField M) : (∃ (Δ : ℝ), Δ > 0 ∧ ∃ (L ΔS : ℝ), L > 0 ∧ ΔS > 0 ∧ Δ^2 = (2 * Real.pi / L)^2 * ΔS ∧ suppresses_gribov_copies_entropic M A Δ ∧ ∃ (k : ℝ), thermodynamic_sector_locking M A k) → (∃ (cancellation : Prop), cancellation)"
entropic_subsumes_geometric,theorem,Phase1/archive/EntropicPrinciple_v4.lean,327,False,False,6,PARKED,"(M : Manifold) (A : GaugeField M) (h_entropic : ∃ (Δ : ℝ), Δ > 0 ∧ ∃ (L ΔS : ℝ), L > 0 ∧ ΔS > 0 ∧ Δ^2 = (2 * Real.pi / L)^2 * ΔS ∧ suppresses_gribov_copies_entropic M A Δ ∧ ∃ (k : ℝ), thermodynamic_sector_locking M A k) : (∃ (cancellation : Prop), cancellation)"
mass_gap_numerical_consistency,theorem,Phase1/archive/EntropicPrinciple_v4.lean,369,False,False,8,PARKED,: abs (predicted_mass_gap - experimental_mass_gap) / experimental_mass_gap < 0.02
entropy_loss_positive,theorem,Phase1/archive/EntropicPrinciple_v4.lean,415,False,False,8,PARKED,: entropy_loss > 0
zero_pairing_rate_expected,theorem,Phase1/archive/EntropicPrinciple_v4.lean,453,False,False,8,PARKED,"(M : Manifold) (A : GaugeField M) (_ : ∃ (Δ : ℝ), Δ > 0 ∧ ∃ (L ΔS : ℝ), L > 0 ∧ ΔS > 0 ∧ Δ^2 = (2 * Real.pi / L)^2 * ΔS ∧ suppresses_gribov_copies_entropic M A Δ ∧ ∃ (k : ℝ), thermodynamic_sector_locking M A k) : True"
axiom_holographic_consistency,axiom,Phase1/archive/EntropicPrinciple_v4.lean,481,False,False,5,PARKED,": ∃ (α_predicted α_measured : ℝ), α_predicted = 0.25 ∧ α_measured = 0.26 ∧ abs (α_predicted - α_measured) / α_predicted < 0.05"
lattice_size,def,Phase1/archive/EntropicPrinciple_v5_1_.lean,93,False,False,6,PARKED,: ℝ
S_VN_UV,def,Phase1/archive/EntropicPrinciple_v5_1_.lean,96,False,False,25,PARKED,: ℝ
I_UV_IR,def,Phase1/archive/EntropicPrinciple_v5_1_.lean,99,False,False,25,PARKED,: ℝ
entropy_loss,def,Phase1/archive/EntropicPrinciple_v5_1_.lean,102,False,False,28,PARKED,: ℝ
predicted_mass_gap,def,Phase1/archive/EntropicPrinciple_v5_1_.lean,105,False,False,35,PARKED,: ℝ
experimental_mass_gap,def,Phase1/archive/EntropicPrinciple_v5_1_.lean,108,False,False,38,PARKED,: ℝ
vacuum_sector_index,def,Phase1/archive/EntropicPrinciple_v5_1_.lean,111,False,False,10,PARKED,: ℝ
agreement_percentage,def,Phase1/archive/EntropicPrinciple_v5_1_.lean,114,False,False,5,PARKED,: ℝ
alpha_predicted,def,Phase1/archive/EntropicPrinciple_v5_1_.lean,125,False,False,10,PARKED,: ℝ
alpha_measured,def,Phase1/archive/EntropicPrinciple_v5_1_.lean,134,False,False,13,PARKED,: ℝ
holographic_agreement,def,Phase1/archive/EntropicPrinciple_v5_1_.lean,137,False,False,1,PARKED,: ℝ
entropy_functional_local,def,Phase1/archive/EntropicPrinciple_v5_1_.lean,159,False,False,5,PARKED,(ρ_UV ρ_IR : DensityMatrix) (yang_mills_action : ℝ) (lambda_coupling : ℝ) : ℝ
suppresses_gribov_copies_entropic,def,Phase1/archive/EntropicPrinciple_v5_1_.lean,176,False,False,22,PARKED,(M : Manifold) (_ : GaugeField M) (Δ : ℝ) : Prop
thermodynamic_sector_locking,def,Phase1/archive/EntropicPrinciple_v5_1_.lean,196,False,False,26,PARKED,(M : Manifold) (_ : GaugeField M) (k : ℝ) : Prop
axiom_entropic_mass_gap_principle,axiom,Phase1/archive/EntropicPrinciple_v5_1_.lean,259,False,False,10,PARKED,"(M : Manifold) (A : GaugeField M) : ∃ (Δ : ℝ), -- 1. Mass gap is positive Δ > 0 ∧ -- 2. Mass gap follows from entropic formula: Δ² = (2π/L)² × ΔS ∃ (L ΔS : ℝ), L > 0 ∧ ΔS > 0 ∧ Δ^2 = (2 * Real.pi / L)^2 * ΔS ∧ -- 3. This suppresses Gribov copies suppresses_gribov_copies_entropic M A Δ ∧ -- 4. Vacuum locks in single sector ∃ (k : ℝ), thermodynamic_sector_locking M A k"
theorem_entropic_implies_geometric,theorem,Phase1/archive/EntropicPrinciple_v5_1_.lean,320,False,False,12,PARKED,"(M : Manifold) (A : GaugeField M) : (∃ (Δ : ℝ), Δ > 0 ∧ ∃ (L ΔS : ℝ), L > 0 ∧ ΔS > 0 ∧ Δ^2 = (2 * Real.pi / L)^2 * ΔS ∧ suppresses_gribov_copies_entropic M A Δ ∧ ∃ (k : ℝ), thermodynamic_sector_locking M A k) → (∃ (cancellation : Prop), cancellation)"
entropic_subsumes_geometric,theorem,Phase1/archive/EntropicPrinciple_v5_1_.lean,350,False,False,6,PARKED,"(M : Manifold) (A : GaugeField M) (h_entropic : ∃ (Δ : ℝ), Δ > 0 ∧ ∃ (L ΔS : ℝ), L > 0 ∧ ΔS > 0 ∧ Δ^2 = (2 * Real.pi / L)^2 * ΔS ∧ suppresses_gribov_copies_entropic M A Δ ∧ ∃ (k : ℝ), thermodynamic_sector_locking M A k) : (∃ (cancellation : Prop), cancellation)"
mass_gap_numerical_consistency,theorem,Phase1/archive/EntropicPrinciple_v5_1_.lean,392,False,False,8,PARKED,: abs (predicted_mass_gap - experimental_mass_gap) / experimental_mass_gap < 0.02
entropy_loss_positive,theorem,Phase1/archive/EntropicPrinciple_v5_1_.lean,438,False,False,8,PARKED,: entropy_loss > 0
holographic_scaling_agreement,theorem,Phase1/archive/EntropicPrinciple_v5_1_.lean,494,False,False,1,PARKED,: abs (alpha_predicted - alpha_measured) / alpha_predicted < 0.05
holographic_validates_entropic,theorem,Phase1/archive/EntropicPrinciple_v5_1_.lean,540,False,False,1,PARKED,": ∃ (α : ℝ), α > 0 ∧ abs (α - alpha_predicted) / alpha_predicted < 0.05 ∧ -- Entropic scaling matches holographic prediction α = alpha_measured"
zero_pairing_rate_expected,theorem,Phase1/archive/EntropicPrinciple_v5_1_.lean,587,False,False,8,PARKED,"(M : Manifold) (A : GaugeField M) (_ : ∃ (Δ : ℝ), Δ > 0 ∧ ∃ (L ΔS : ℝ), L > 0 ∧ ΔS > 0 ∧ Δ^2 = (2 * Real.pi / L)^2 * ΔS ∧ suppresses_gribov_copies_entropic M A Δ ∧ ∃ (k : ℝ), thermodynamic_sector_locking M A k) : True"
axiom_holographic_consistency,axiom,Phase1/archive/EntropicPrinciple_v5_1_.lean,615,False,False,5,PARKED,": ∃ (α_predicted α_measured : ℝ), α_predicted = 0.25 ∧ α_measured = 0.26 ∧ abs (α_predicted - α_measured) / α_predicted < 0.05"
l2_metric_riemannian,axiom,Phase1/archive/R1_ORIGINAL_FOR_CLAUDE.lean,71,False,False,3,PARKED,": ∀ (A_G : ModuliSpace M N), IsRiemannianMetric (l2_metric A_G) (RegularLocus A_G)"
christoffel_symbols,axiom,Phase1/archive/R1_ORIGINAL_FOR_CLAUDE.lean,81,False,False,3,PARKED,(A_G : ModuliSpace M N) : ChristoffelSymbols A_G
riemann_tensor,axiom,Phase1/archive/R1_ORIGINAL_FOR_CLAUDE.lean,87,False,False,3,PARKED,(A_G : ModuliSpace M N) : RiemannTensor A_G
Assumption_ricci_well_defined_validation,def,Phase1/archive/R1_ORIGINAL_FOR_CLAUDE.lean,110,False,False,3,PARKED,: Prop
lemma_R1_ricci_well_defined,theorem,Phase1/archive/R1_ORIGINAL_FOR_CLAUDE.lean,115,False,False,2,PARKED,"(A_G : ModuliSpace M N) : ∃ Ric : RicciTensor A_G, IsSmooth Ric ∧ (∀ p ∈ RegularLocus A_G, Ric.is_defined_at p) (h_ricci_well_defined_validation : Assumption_ricci_well_defined_validation)"
l2_metric_riemannian,axiom,Phase1/archive/R1_RicciWellDefined_FOR_CLAUDE.lean,71,False,False,3,PARKED,": ∀ (A_G : ModuliSpace M N), IsRiemannianMetric (l2_metric A_G) (RegularLocus A_G)"
christoffel_symbols,axiom,Phase1/archive/R1_RicciWellDefined_FOR_CLAUDE.lean,81,False,False,3,PARKED,(A_G : ModuliSpace M N) : ChristoffelSymbols A_G
riemann_tensor,axiom,Phase1/archive/R1_RicciWellDefined_FOR_CLAUDE.lean,87,False,False,3,PARKED,(A_G : ModuliSpace M N) : RiemannTensor A_G
Assumption_ricci_well_defined_validation,def,Phase1/archive/R1_RicciWellDefined_FOR_CLAUDE.lean,110,False,False,3,PARKED,: Prop
lemma_R1_ricci_well_defined,theorem,Phase1/archive/R1_RicciWellDefined_FOR_CLAUDE.lean,115,False,False,2,PARKED,"(A_G : ModuliSpace M N) : ∃ Ric : RicciTensor A_G, IsSmooth Ric ∧ (∀ p ∈ RegularLocus A_G, Ric.is_defined_at p) (h_ricci_well_defined_validation : Assumption_ricci_well_defined_validation)"
g0,def,Phase2/RGFlow_Work/Basic.lean,18,True,False,0,COROLLARY,: ℝ
a_max,def,Phase2/RGFlow_Work/Basic.lean,21,True,False,50,UNKNOWN,: ℝ
gap_lower_bound,def,Phase2/RGFlow_Work/Basic.lean,24,True,False,13,UNKNOWN,: ℝ
mass_gap,axiom,Phase2/RGFlow_Work/Basic.lean,29,True,False,121,REFORMULATE,: ℝ → ℝ → ℝ
g0_positive,theorem,Phase2/RGFlow_Work/Basic.lean,31,True,False,1,UNKNOWN,: g0 > 0
gap_lower_bound_positive,theorem,Phase2/RGFlow_Work/Basic.lean,33,True,False,1,UNKNOWN,: gap_lower_bound > 0
in_convergence_region,def,Phase2/RGFlow_Work/Basic.lean,36,True,False,14,UNKNOWN,(g a : ℝ) : Prop
beta,axiom,Phase2/RGFlow_Work/Basic.lean,40,True,False,12,UNKNOWN,: ℝ → ℝ → ℝ
running_coupling,def,Phase2/RGFlow_Work/Basic.lean,43,True,False,22,UNKNOWN,(μ μ₀ g₀ _a : ℝ) : ℝ
initial_condition,axiom,Phase2/RGFlow_Work/Basic.lean,50,True,False,2,UNKNOWN,(μ₀ g₀ a₀ : ℝ) : running_coupling μ₀ μ₀ g₀ a₀ = g₀
ContinuumLimitAssumption,def,Phase2/RGFlow_Work/GeminiValidation10.lean,88,True,False,2,UNKNOWN,: Prop
validation10_date,def,Phase2/RGFlow_Work/GeminiValidation10.lean,99,True,False,0,COROLLARY,: String
validation10_R2,def,Phase2/RGFlow_Work/GeminiValidation10.lean,102,True,False,2,UNKNOWN,: ℝ
validation10_Delta0_at_g050,def,Phase2/RGFlow_Work/GeminiValidation10.lean,105,True,False,2,UNKNOWN,: ℝ
validation10_convergence,def,Phase2/RGFlow_Work/GeminiValidation10.lean,108,True,False,0,COROLLARY,: String
validation10_perfect_fit,theorem,Phase2/RGFlow_Work/GeminiValidation10.lean,113,True,False,0,COROLLARY,: validation10_R2 = 1.0
validation10_positive,theorem,Phase2/RGFlow_Work/GeminiValidation10.lean,116,True,False,0,COROLLARY,: validation10_Delta0_at_g050 > 0
mass_gap,axiom,Phase2/RGFlow_Work/GeminiValidation12.lean,62,True,False,121,REFORMULATE,: ℝ → ℝ → ℝ
Delta0,axiom,Phase2/RGFlow_Work/GeminiValidation12.lean,65,True,False,114,REFORMULATE,: ℝ → ℝ
mass_gap_lipschitz_in_g,axiom,Phase2/RGFlow_Work/GeminiValidation12.lean,75,True,False,2,REFORMULATE,(g₁ g₂ a : ℝ) (hg₁ : 0.5 ≤ g₁ ∧ g₁ ≤ 1.18) (hg₂ : 0.5 ≤ g₂ ∧ g₂ ≤ 1.18) (ha : 0 < a ∧ a ≤ 0.2) : |mass_gap g₁ a - mass_gap g₂ a| ≤ 2.0 * |g₁ - g₂|
mass_gap_tendsto_continuum,axiom,Phase2/RGFlow_Work/GeminiValidation12.lean,84,True,False,9,REFORMULATE,(g : ℝ) (hg : 0.5 ≤ g ∧ g ≤ 1.18) : Filter.Tendsto (fun a : ℝ => mass_gap g a) (nhdsWithin (0 : ℝ) (Set.Ioi 0)) (nhds (Delta0 g))
ContinuumLipschitzAssumption,def,Phase2/RGFlow_Work/GeminiValidation12.lean,99,True,False,0,COROLLARY,: Prop
gemini_continuum_smoother_than_lattice,theorem,Phase2/RGFlow_Work/GeminiValidation12.lean,110,True,False,0,COROLLARY,: (0.3 : ℝ) < 2.0
mass_gap,axiom,Phase2/RGFlow_Work/GeminiValidation13.lean,69,True,False,121,REFORMULATE,: ℝ → ℝ → ℝ
Delta0,axiom,Phase2/RGFlow_Work/GeminiValidation13.lean,72,True,False,114,REFORMULATE,: ℝ → ℝ
mass_gap_monotonic_in_g,axiom,Phase2/RGFlow_Work/GeminiValidation13.lean,81,True,False,2,REFORMULATE,(g₁ g₂ a : ℝ) (hg₁ : 0.5 ≤ g₁ ∧ g₁ ≤ 1.18) (hg₂ : 0.5 ≤ g₂ ∧ g₂ ≤ 1.18) (hg_order : g₁ < g₂) (ha : 0 < a ∧ a ≤ 0.2) : mass_gap g₂ a < mass_gap g₁ a
mass_gap_tendsto_continuum,axiom,Phase2/RGFlow_Work/GeminiValidation13.lean,91,True,False,9,REFORMULATE,(g : ℝ) (hg : 0.5 ≤ g ∧ g ≤ 1.18) : Filter.Tendsto (fun a : ℝ => mass_gap g a) (nhdsWithin (0 : ℝ) (Set.Ioi 0)) (nhds (Delta0 g))
TotalGapAssumption,def,Phase2/RGFlow_Work/GeminiValidation13.lean,106,True,False,1,UNKNOWN,: Prop
MinGapAssumption,def,Phase2/RGFlow_Work/GeminiValidation13.lean,114,True,False,1,UNKNOWN,: Prop
gemini_total_gap_positive,theorem,Phase2/RGFlow_Work/GeminiValidation13.lean,122,True,False,0,COROLLARY,(h : TotalGapAssumption) : (0 : ℝ) < Delta0 0.5 - Delta0 1.18
gemini_min_gap_positive,theorem,Phase2/RGFlow_Work/GeminiValidation13.lean,128,True,False,0,COROLLARY,(h : MinGapAssumption) : (0 : ℝ) < Delta0 1.15 - Delta0 1.18
mass_gap_A,axiom,Phase2/RGFlow_Work/GeminiValidation14.lean,68,True,False,13,REFORMULATE,: ℝ → ℝ → ℝ
mass_gap_B,axiom,Phase2/RGFlow_Work/GeminiValidation14.lean,71,True,False,12,REFORMULATE,: ℝ → ℝ → ℝ
Delta0,axiom,Phase2/RGFlow_Work/GeminiValidation14.lean,74,True,False,114,REFORMULATE,: ℝ → ℝ
mass_gap_A_tendsto_continuum,axiom,Phase2/RGFlow_Work/GeminiValidation14.lean,80,True,False,0,REFORMULATE,(g : ℝ) (hg : 0.5 ≤ g ∧ g ≤ 1.18) : Filter.Tendsto (fun a : ℝ => mass_gap_A g a) (nhdsWithin (0 : ℝ) (Set.Ioi 0)) (nhds (Delta0 g))
mass_gap_B_tendsto_continuum,axiom,Phase2/RGFlow_Work/GeminiValidation14.lean,90,True,False,0,REFORMULATE,(g : ℝ) (hg : 0.5 ≤ g ∧ g ≤ 1.18) : Filter.Tendsto (fun a : ℝ => mass_gap_B g a) (nhdsWithin (0 : ℝ) (Set.Ioi 0)) (nhds (Delta0 g))
scheme_diff_order_a,axiom,Phase2/RGFlow_Work/GeminiValidation14.lean,101,True,False,0,REFORMULATE,"(g : ℝ) (hg : 0.5 ≤ g ∧ g ≤ 1.18) : ∃ C : ℝ, 0 < C ∧ ∀ᶠ a in nhdsWithin (0 : ℝ) (Set.Ioi 0), |mass_gap_A g a - mass_gap_B g a| ≤ C * a"
gemini_scheme_agreement_trivial,theorem,Phase2/RGFlow_Work/GeminiValidation14.lean,111,True,False,0,DUPLICATE_CANDIDATE,(g : ℝ) (hg : 0.5 ≤ g ∧ g ≤ 1.18) : Delta0 g = Delta0 g
gemini_diff_well_below_target,theorem,Phase2/RGFlow_Work/GeminiValidation14.lean,117,True,False,0,COROLLARY,: (0.001 : ℝ) < 0.01
Delta0,axiom,Phase2/RGFlow_Work/GeminiValidation15.lean,57,True,False,114,REFORMULATE,: ℝ → ℝ
continuum_mass_gap_lower_bound,axiom,Phase2/RGFlow_Work/GeminiValidation15.lean,62,True,False,3,REFORMULATE,(g : ℝ) (hg : 0.5 ≤ g ∧ g ≤ 1.18) : (0.5 : ℝ) ≤ Delta0 g
continuum_lipschitz_in_g,axiom,Phase2/RGFlow_Work/GeminiValidation15.lean,67,True,False,5,REFORMULATE,(g₁ g₂ : ℝ) (hg₁ : 0.5 ≤ g₁ ∧ g₁ ≤ 1.18) (hg₂ : 0.5 ≤ g₂ ∧ g₂ ≤ 1.18) : |Delta0 g₁ - Delta0 g₂| ≤ 2.0 * |g₁ - g₂|
continuum_monotonic_in_g,axiom,Phase2/RGFlow_Work/GeminiValidation15.lean,74,True,False,9,REFORMULATE,(g₁ g₂ : ℝ) (hg₁ : 0.5 ≤ g₁ ∧ g₁ ≤ 1.18) (hg₂ : 0.5 ≤ g₂ ∧ g₂ ≤ 1.18) (h_order : g₁ < g₂) : Delta0 g₂ < Delta0 g₁
UniversalBoundAssumption,def,Phase2/RGFlow_Work/GeminiValidation15.lean,84,True,False,1,UNKNOWN,: Prop
gemini_all_positive,theorem,Phase2/RGFlow_Work/GeminiValidation15.lean,95,True,False,0,COROLLARY,(g : ℝ) (hg : 0.5 ≤ g ∧ g ≤ 1.18) (hU : UniversalBoundAssumption) : (0 : ℝ) < Delta0 g
gemini_amplitude_positive,theorem,Phase2/RGFlow_Work/GeminiValidation15.lean,103,True,False,0,COROLLARY,: (0 : ℝ) < (1.655 : ℝ) - 1.452
RunningMonotonicityAssumption,def,Phase2/RGFlow_Work/GeminiValidation2.lean,92,True,False,2,UNKNOWN,: Prop
validation2_date,def,Phase2/RGFlow_Work/GeminiValidation2.lean,100,True,False,0,COROLLARY,: String
validation2_method,def,Phase2/RGFlow_Work/GeminiValidation2.lean,103,True,False,0,COROLLARY,: String
validation2_cases,def,Phase2/RGFlow_Work/GeminiValidation2.lean,106,True,False,2,UNKNOWN,: Nat
validation2_success_rate,def,Phase2/RGFlow_Work/GeminiValidation2.lean,109,True,False,2,UNKNOWN,: ℝ
validation2_avg_margin,def,Phase2/RGFlow_Work/GeminiValidation2.lean,112,True,False,0,COROLLARY,: ℝ
validation2_min_margin,def,Phase2/RGFlow_Work/GeminiValidation2.lean,115,True,False,0,COROLLARY,: ℝ
validation2_confidence,def,Phase2/RGFlow_Work/GeminiValidation2.lean,118,True,False,2,UNKNOWN,: ℝ
validation2_complete,theorem,Phase2/RGFlow_Work/GeminiValidation2.lean,123,True,False,0,COROLLARY,: validation2_success_rate = 1.0
validation2_high_confidence,theorem,Phase2/RGFlow_Work/GeminiValidation2.lean,126,True,False,0,COROLLARY,: validation2_confidence ≥ 0.99
validation2_extensive,theorem,Phase2/RGFlow_Work/GeminiValidation2.lean,129,True,False,0,COROLLARY,: validation2_cases ≥ 100
BoundPreservationAssumption,def,Phase2/RGFlow_Work/GeminiValidation3.lean,92,True,False,1,UNKNOWN,: Prop
validation3_date,def,Phase2/RGFlow_Work/GeminiValidation3.lean,99,True,False,0,COROLLARY,: String
validation3_method,def,Phase2/RGFlow_Work/GeminiValidation3.lean,102,True,False,0,COROLLARY,: String
validation3_time,def,Phase2/RGFlow_Work/GeminiValidation3.lean,105,True,False,0,COROLLARY,: ℝ
validation3_dependency,def,Phase2/RGFlow_Work/GeminiValidation3.lean,108,True,False,0,COROLLARY,: String
GapMonotoneAssumption,def,Phase2/RGFlow_Work/GeminiValidation4.lean,81,True,False,4,UNKNOWN,: Prop
GapUniformBoundAssumption,def,Phase2/RGFlow_Work/GeminiValidation4.lean,105,True,False,4,UNKNOWN,: Prop
validation4_date,def,Phase2/RGFlow_Work/GeminiValidation4.lean,112,True,False,0,COROLLARY,: String
validation4_pairs,def,Phase2/RGFlow_Work/GeminiValidation4.lean,115,True,False,2,UNKNOWN,: Nat
validation4_success_rate,def,Phase2/RGFlow_Work/GeminiValidation4.lean,118,True,False,2,UNKNOWN,: ℝ
validation4_min_gap,def,Phase2/RGFlow_Work/GeminiValidation4.lean,121,True,False,2,UNKNOWN,: ℝ
validation4_bound,def,Phase2/RGFlow_Work/GeminiValidation4.lean,124,True,False,2,UNKNOWN,: ℝ
validation4_margin,def,Phase2/RGFlow_Work/GeminiValidation4.lean,127,True,False,0,COROLLARY,: ℝ
validation4_complete,theorem,Phase2/RGFlow_Work/GeminiValidation4.lean,132,True,False,0,COROLLARY,: validation4_success_rate = 1.0
validation4_margin_positive,theorem,Phase2/RGFlow_Work/GeminiValidation4.lean,135,True,False,0,COROLLARY,: validation4_min_gap > validation4_bound
validation4_extensive,theorem,Phase2/RGFlow_Work/GeminiValidation4.lean,138,True,False,0,COROLLARY,: validation4_pairs ≥ 400
LipschitzInGAssumption,def,Phase2/RGFlow_Work/GeminiValidation5.lean,95,True,False,3,UNKNOWN,: Prop
lipschitz_L,def,Phase2/RGFlow_Work/GeminiValidation5.lean,103,True,False,16,UNKNOWN,: ℝ
lipschitz_L_pos,theorem,Phase2/RGFlow_Work/GeminiValidation5.lean,106,True,False,0,COROLLARY,: lipschitz_L > 0
validation5_date,def,Phase2/RGFlow_Work/GeminiValidation5.lean,111,True,False,0,COROLLARY,: String
validation5_pairs,def,Phase2/RGFlow_Work/GeminiValidation5.lean,114,True,False,2,UNKNOWN,: Nat
validation5_success_rate,def,Phase2/RGFlow_Work/GeminiValidation5.lean,117,True,False,2,UNKNOWN,: ℝ
validation5_L_max,def,Phase2/RGFlow_Work/GeminiValidation5.lean,120,True,False,2,UNKNOWN,: ℝ
validation5_L_mean,def,Phase2/RGFlow_Work/GeminiValidation5.lean,123,True,False,2,UNKNOWN,: ℝ
validation5_min_margin,def,Phase2/RGFlow_Work/GeminiValidation5.lean,126,True,False,0,COROLLARY,: ℝ
validation5_complete,theorem,Phase2/RGFlow_Work/GeminiValidation5.lean,131,True,False,0,COROLLARY,: validation5_success_rate = 1.0
validation5_tight,theorem,Phase2/RGFlow_Work/GeminiValidation5.lean,134,True,False,0,COROLLARY,: validation5_L_max = 2.0
validation5_smooth_avg,theorem,Phase2/RGFlow_Work/GeminiValidation5.lean,137,True,False,0,COROLLARY,: validation5_L_mean < lipschitz_L
validation5_extensive,theorem,Phase2/RGFlow_Work/GeminiValidation5.lean,140,True,False,0,COROLLARY,: validation5_pairs ≥ 400
LipschitzInAAssumption,def,Phase2/RGFlow_Work/GeminiValidation6.lean,96,True,False,3,UNKNOWN,: Prop
lipschitz_L_a,def,Phase2/RGFlow_Work/GeminiValidation6.lean,104,True,False,4,UNKNOWN,: ℝ
lipschitz_L_a_pos,theorem,Phase2/RGFlow_Work/GeminiValidation6.lean,107,True,False,0,COROLLARY,: lipschitz_L_a > 0
validation6_date,def,Phase2/RGFlow_Work/GeminiValidation6.lean,112,True,False,0,COROLLARY,: String
validation6_pairs,def,Phase2/RGFlow_Work/GeminiValidation6.lean,115,True,False,2,UNKNOWN,: Nat
validation6_success_rate,def,Phase2/RGFlow_Work/GeminiValidation6.lean,118,True,False,2,UNKNOWN,: ℝ
validation6_L_a_max,def,Phase2/RGFlow_Work/GeminiValidation6.lean,121,True,False,2,UNKNOWN,: ℝ
validation6_L_a_mean,def,Phase2/RGFlow_Work/GeminiValidation6.lean,124,True,False,0,COROLLARY,: ℝ
validation6_L_a_bound,def,Phase2/RGFlow_Work/GeminiValidation6.lean,127,True,False,2,UNKNOWN,: ℝ
validation6_safety_margin,def,Phase2/RGFlow_Work/GeminiValidation6.lean,130,True,False,2,UNKNOWN,: ℝ
validation6_complete,theorem,Phase2/RGFlow_Work/GeminiValidation6.lean,135,True,False,0,COROLLARY,: validation6_success_rate = 1.0
validation6_absurd_margin,theorem,Phase2/RGFlow_Work/GeminiValidation6.lean,138,True,False,0,COROLLARY,: validation6_L_a_max < validation6_L_a_bound
validation6_massive_margin,theorem,Phase2/RGFlow_Work/GeminiValidation6.lean,141,True,False,0,COROLLARY,: validation6_safety_margin ≥ 10.0
validation6_extensive,theorem,Phase2/RGFlow_Work/GeminiValidation6.lean,144,True,False,0,COROLLARY,: validation6_pairs ≥ 400
C_mono,def,Phase2/RGFlow_Work/GeminiValidation7.lean,71,True,False,7,UNKNOWN,: ℝ
C_mono_pos,theorem,Phase2/RGFlow_Work/GeminiValidation7.lean,74,True,False,0,COROLLARY,: C_mono > 0
QuantMonotoneAssumption,def,Phase2/RGFlow_Work/GeminiValidation7.lean,106,True,False,2,UNKNOWN,: Prop
validation7_date,def,Phase2/RGFlow_Work/GeminiValidation7.lean,115,True,False,0,COROLLARY,: String
validation7_pairs,def,Phase2/RGFlow_Work/GeminiValidation7.lean,118,True,False,2,UNKNOWN,: Nat
validation7_success_rate,def,Phase2/RGFlow_Work/GeminiValidation7.lean,121,True,False,2,UNKNOWN,: ℝ
validation7_min_slope,def,Phase2/RGFlow_Work/GeminiValidation7.lean,124,True,False,2,UNKNOWN,: ℝ
validation7_mean_slope,def,Phase2/RGFlow_Work/GeminiValidation7.lean,127,True,False,0,COROLLARY,: ℝ
validation7_C_mono,def,Phase2/RGFlow_Work/GeminiValidation7.lean,130,True,False,2,UNKNOWN,: ℝ
validation7_margin,def,Phase2/RGFlow_Work/GeminiValidation7.lean,133,True,False,0,COROLLARY,: ℝ
validation7_complete,theorem,Phase2/RGFlow_Work/GeminiValidation7.lean,138,True,False,0,COROLLARY,: validation7_success_rate = 1.0
validation7_safe,theorem,Phase2/RGFlow_Work/GeminiValidation7.lean,141,True,False,0,COROLLARY,: validation7_min_slope > validation7_C_mono
validation7_extensive,theorem,Phase2/RGFlow_Work/GeminiValidation7.lean,144,True,False,0,COROLLARY,: validation7_pairs ≥ 500
Δ0,opaque,Phase2/RGFlow_Work/GeminiValidation9.lean,95,True,False,0,COROLLARY,: ℝ → ℝ
c2,opaque,Phase2/RGFlow_Work/GeminiValidation9.lean,99,True,False,0,COROLLARY,: ℝ → ℝ
K_remainder,opaque,Phase2/RGFlow_Work/GeminiValidation9.lean,103,True,False,4,UNKNOWN,: ℝ
K_remainder_pos,axiom,Phase2/RGFlow_Work/GeminiValidation9.lean,106,True,False,0,UNKNOWN,: K_remainder > 0
symanzik_mass_gap_expansion,axiom,Phase2/RGFlow_Work/GeminiValidation9.lean,134,True,False,0,REFORMULATE,(g a : ℝ) (hg : 0.5 ≤ g ∧ g ≤ 1.18) (ha : 0 < a ∧ a ≤ 0.2) : let R
validation9_date,def,Phase2/RGFlow_Work/GeminiValidation9.lean,144,True,False,0,COROLLARY,: String
validation9_R2,def,Phase2/RGFlow_Work/GeminiValidation9.lean,147,True,False,2,UNKNOWN,: ℝ
validation9_c2,def,Phase2/RGFlow_Work/GeminiValidation9.lean,150,True,False,2,UNKNOWN,: ℝ
validation9_Delta0_at_g050,def,Phase2/RGFlow_Work/GeminiValidation9.lean,153,True,False,0,COROLLARY,: ℝ
validation9_jump,def,Phase2/RGFlow_Work/GeminiValidation9.lean,156,True,False,2,UNKNOWN,: ℝ
validation9_effective_lipschitz,def,Phase2/RGFlow_Work/GeminiValidation9.lean,159,True,False,2,UNKNOWN,: ℝ
validation9_good_fit,theorem,Phase2/RGFlow_Work/GeminiValidation9.lean,164,True,False,0,COROLLARY,: validation9_R2 ≥ 0.9
validation9_c2_negative,theorem,Phase2/RGFlow_Work/GeminiValidation9.lean,167,True,False,0,COROLLARY,: validation9_c2 < 0
validation9_consistent_thm6,theorem,Phase2/RGFlow_Work/GeminiValidation9.lean,170,True,False,0,COROLLARY,: validation9_effective_lipschitz < 3.0
validation9_small_jump,theorem,Phase2/RGFlow_Work/GeminiValidation9.lean,173,True,False,0,COROLLARY,: validation9_jump < 0.01
continuum_limit_exists_thm10,theorem,Phase2/RGFlow_Work/Theorem10_ContinuumLimitExistence.lean,37,True,False,1,UNKNOWN,"(g : ℝ) (hg : 0.5 ≤ g ∧ g ≤ 1.18) (hCL : ContinuumLimitAssumption) : ∃ (L : ℝ), L = Δ0 g ∧ ∀ (eps : ℝ), eps > 0 → ∃ (delta : ℝ), delta > 0 ∧ ∀ (a : ℝ), 0 < a ∧ a < delta → |mass_gap g a - L| < eps"
continuum_limit_is_Delta0,theorem,Phase2/RGFlow_Work/Theorem10_ContinuumLimitExistence.lean,51,True,False,0,COROLLARY,"(g : ℝ) (hg : 0.5 ≤ g ∧ g ≤ 1.18) (hCL : ContinuumLimitAssumption) : ∃ (L : ℝ), L = Δ0 g"
limit_unique_aux,axiom,Phase2/RGFlow_Work/Theorem10_ContinuumLimitExistence.lean,60,True,False,1,REFORMULATE,"(g : ℝ) (hg : 0.5 ≤ g ∧ g ≤ 1.18) (L1 L2 : ℝ) (h1 : ∀ (eps : ℝ), eps > 0 → ∃ (delta : ℝ), delta > 0 ∧ ∀ (a : ℝ), 0 < a ∧ a < delta → |mass_gap g a - L1| < eps) (h2 : ∀ (eps : ℝ), eps > 0 → ∃ (delta : ℝ), delta > 0 ∧ ∀ (a : ℝ), 0 < a ∧ a < delta → |mass_gap g a - L2| < eps) : L1 = L2"
continuum_limit_unique,theorem,Phase2/RGFlow_Work/Theorem10_ContinuumLimitExistence.lean,75,True,True,0,REFORMULATE,"(g : ℝ) (hg : 0.5 ≤ g ∧ g ≤ 1.18) (L1 L2 : ℝ) (h1 : ∀ (eps : ℝ), eps > 0 → ∃ (delta : ℝ), delta > 0 ∧ ∀ (a : ℝ), 0 < a ∧ a < delta → |mass_gap g a - L1| < eps) (h2 : ∀ (eps : ℝ), eps > 0 → ∃ (delta : ℝ), delta > 0 ∧ ∀ (a : ℝ), 0 < a ∧ a < delta → |mass_gap g a - L2| < eps) : L1 = L2"
continuum_gap_well_defined,theorem,Phase2/RGFlow_Work/Theorem10_ContinuumLimitExistence.lean,93,True,True,0,REFORMULATE,(g : ℝ) (_ : 0.5 ≤ g ∧ g ≤ 1.18) : -- Delta_0(g) is the unique continuum limit True
phase3_foundation,theorem,Phase2/RGFlow_Work/Theorem10_ContinuumLimitExistence.lean,100,True,True,0,REFORMULATE,(g : ℝ) (_ : 0.5 ≤ g ∧ g ≤ 1.18) : -- The existence of the continuum limit enables Phase 3 True
theorem10_R2,def,Phase2/RGFlow_Work/Theorem10_ContinuumLimitExistence.lean,109,True,True,2,REFORMULATE,: ℝ
theorem10_Delta0,def,Phase2/RGFlow_Work/Theorem10_ContinuumLimitExistence.lean,112,True,True,2,REFORMULATE,: ℝ
theorem10_perfect,theorem,Phase2/RGFlow_Work/Theorem10_ContinuumLimitExistence.lean,115,True,True,0,REFORMULATE,: theorem10_R2 = 1.0
theorem10_positive,theorem,Phase2/RGFlow_Work/Theorem10_ContinuumLimitExistence.lean,118,True,True,0,REFORMULATE,: theorem10_Delta0 > 0
Delta0,axiom,Phase2/RGFlow_Work/Theorem11_ContinuumMassGapLowerBound.lean,12,True,False,114,REFORMULATE,: ℝ → ℝ
mass_gap_lower_bound,axiom,Phase2/RGFlow_Work/Theorem11_ContinuumMassGapLowerBound.lean,16,True,False,1,REFORMULATE,(g a : ℝ) (hg : 0.5 ≤ g ∧ g ≤ 1.18) (ha : 0 < a ∧ a ≤ 0.2) : (0.5 : ℝ) ≤ mass_gap g a
mass_gap_tendsto_continuum,axiom,Phase2/RGFlow_Work/Theorem11_ContinuumMassGapLowerBound.lean,21,True,False,9,REFORMULATE,(g : ℝ) (hg : 0.5 ≤ g ∧ g ≤ 1.18) : Filter.Tendsto (fun a : ℝ => mass_gap g a) (nhdsWithin (0 : ℝ) (Set.Ioi 0)) (nhds (Delta0 g))
Ioc_mem_nhdsWithin_Ioi_zero,lemma,Phase2/RGFlow_Work/Theorem11_ContinuumMassGapLowerBound.lean,39,True,False,5,DUPLICATE_CANDIDATE,: Set.Ioc (0 : ℝ) 0.2 ∈ nhdsWithin (0 : ℝ) (Set.Ioi 0)
mass_gap_eventually_ge_bound,lemma,Phase2/RGFlow_Work/Theorem11_ContinuumMassGapLowerBound.lean,50,True,False,1,UNKNOWN,"(g : ℝ) (hg : 0.5 ≤ g ∧ g ≤ 1.18) : ∀ᶠ a in nhdsWithin (0 : ℝ) (Set.Ioi 0), (0.5 : ℝ) ≤ mass_gap g a"
continuum_mass_gap_lower_bound,theorem,Phase2/RGFlow_Work/Theorem11_ContinuumMassGapLowerBound.lean,79,True,False,3,DUPLICATE_CANDIDATE,(g : ℝ) (hg : 0.5 ≤ g ∧ g ≤ 1.18) : (0.5 : ℝ) ≤ Delta0 g
continuum_mass_gap_positive,theorem,Phase2/RGFlow_Work/Theorem11_ContinuumMassGapLowerBound.lean,98,True,False,2,DUPLICATE_CANDIDATE,(g : ℝ) (hg : 0.5 ≤ g ∧ g ≤ 1.18) : (0 : ℝ) < Delta0 g
continuum_mass_gap_ne_zero,theorem,Phase2/RGFlow_Work/Theorem11_ContinuumMassGapLowerBound.lean,107,True,False,0,DUPLICATE_CANDIDATE,(g : ℝ) (hg : 0.5 ≤ g ∧ g ≤ 1.18) : Delta0 g ≠ 0
mass_gap,axiom,Phase2/RGFlow_Work/Theorem12_ContinuumLipschitzInG.lean,66,True,False,121,REFORMULATE,: ℝ → ℝ → ℝ
Delta0,axiom,Phase2/RGFlow_Work/Theorem12_ContinuumLipschitzInG.lean,69,True,False,114,REFORMULATE,: ℝ → ℝ
mass_gap_lipschitz_in_g,axiom,Phase2/RGFlow_Work/Theorem12_ContinuumLipschitzInG.lean,76,True,False,2,REFORMULATE,(g₁ g₂ a : ℝ) (hg₁ : 0.5 ≤ g₁ ∧ g₁ ≤ 1.18) (hg₂ : 0.5 ≤ g₂ ∧ g₂ ≤ 1.18) (ha : 0 < a ∧ a ≤ 0.2) : |mass_gap g₁ a - mass_gap g₂ a| ≤ 2.0 * |g₁ - g₂|
mass_gap_tendsto_continuum,axiom,Phase2/RGFlow_Work/Theorem12_ContinuumLipschitzInG.lean,85,True,False,9,REFORMULATE,(g : ℝ) (hg : 0.5 ≤ g ∧ g ≤ 1.18) : Filter.Tendsto (fun a : ℝ => mass_gap g a) (nhdsWithin (0 : ℝ) (Set.Ioi 0)) (nhds (Delta0 g))
mass_gap_diff_tendsto,lemma,Phase2/RGFlow_Work/Theorem12_ContinuumLipschitzInG.lean,97,True,False,1,DUPLICATE_CANDIDATE,(g₁ g₂ : ℝ) (hg₁ : 0.5 ≤ g₁ ∧ g₁ ≤ 1.18) (hg₂ : 0.5 ≤ g₂ ∧ g₂ ≤ 1.18) : Filter.Tendsto (fun a : ℝ => mass_gap g₁ a - mass_gap g₂ a) (nhdsWithin (0 : ℝ) (Set.Ioi 0)) (nhds (Delta0 g₁ - Delta0 g₂))
mass_gap_abs_diff_tendsto,lemma,Phase2/RGFlow_Work/Theorem12_ContinuumLipschitzInG.lean,111,True,False,1,UNKNOWN,(g₁ g₂ : ℝ) (hg₁ : 0.5 ≤ g₁ ∧ g₁ ≤ 1.18) (hg₂ : 0.5 ≤ g₂ ∧ g₂ ≤ 1.18) : Filter.Tendsto (fun a : ℝ => |mass_gap g₁ a - mass_gap g₂ a|) (nhdsWithin (0 : ℝ) (Set.Ioi 0)) (nhds |Delta0 g₁ - Delta0 g₂|)
Ioc_mem_nhdsWithin_Ioi_zero,lemma,Phase2/RGFlow_Work/Theorem12_ContinuumLipschitzInG.lean,121,True,False,5,DUPLICATE_CANDIDATE,: Set.Ioc (0 : ℝ) 0.2 ∈ nhdsWithin (0 : ℝ) (Set.Ioi 0)
lipschitz_bound_eventually,lemma,Phase2/RGFlow_Work/Theorem12_ContinuumLipschitzInG.lean,130,True,False,1,UNKNOWN,"(g₁ g₂ : ℝ) (hg₁ : 0.5 ≤ g₁ ∧ g₁ ≤ 1.18) (hg₂ : 0.5 ≤ g₂ ∧ g₂ ≤ 1.18) : ∀ᶠ a in nhdsWithin (0 : ℝ) (Set.Ioi 0), |mass_gap g₁ a - mass_gap g₂ a| ≤ 2.0 * |g₁ - g₂|"
continuum_lipschitz_in_g,theorem,Phase2/RGFlow_Work/Theorem12_ContinuumLipschitzInG.lean,159,True,False,5,DUPLICATE_CANDIDATE,(g₁ g₂ : ℝ) (hg₁ : 0.5 ≤ g₁ ∧ g₁ ≤ 1.18) (hg₂ : 0.5 ≤ g₂ ∧ g₂ ≤ 1.18) : |Delta0 g₁ - Delta0 g₂| ≤ 2.0 * |g₁ - g₂|
continuum_mass_gap_continuous_in_g,theorem,Phase2/RGFlow_Work/Theorem12_ContinuumLipschitzInG.lean,176,True,False,0,COROLLARY,": ∀ g₁ g₂ : ℝ, (0.5 ≤ g₁ ∧ g₁ ≤ 1.18) → (0.5 ≤ g₂ ∧ g₂ ≤ 1.18) → ∀ ε > 0, ∃ δ > 0, |g₁ - g₂| < δ → |Delta0 g₁ - Delta0 g₂| < ε"
continuum_smoother_than_lattice,theorem,Phase2/RGFlow_Work/Theorem12_ContinuumLipschitzInG.lean,198,True,False,0,COROLLARY,: (0.3 : ℝ) / 2.0 = 0.15
mass_gap_lower_bound_continuum,axiom,Phase2/RGFlow_Work/Theorem12_ContinuumLipschitzInG.lean,207,True,False,4,REFORMULATE,(g : ℝ) (hg : 0.5 ≤ g ∧ g ≤ 1.18) : (0.5 : ℝ) ≤ Delta0 g
continuum_gap_positive_and_lipschitz,theorem,Phase2/RGFlow_Work/Theorem12_ContinuumLipschitzInG.lean,212,True,False,0,COROLLARY,(g₁ g₂ : ℝ) (hg₁ : 0.5 ≤ g₁ ∧ g₁ ≤ 1.18) (hg₂ : 0.5 ≤ g₂ ∧ g₂ ≤ 1.18) : (0 : ℝ) < Delta0 g₁ ∧ |Delta0 g₁ - Delta0 g₂| ≤ 2.0 * |g₁ - g₂|
mass_gap,axiom,Phase2/RGFlow_Work/Theorem13_ContinuumMonotonicityInG.lean,78,True,False,121,REFORMULATE,: ℝ → ℝ → ℝ
Delta0,axiom,Phase2/RGFlow_Work/Theorem13_ContinuumMonotonicityInG.lean,81,True,False,114,REFORMULATE,: ℝ → ℝ
mass_gap_monotonic_in_g,axiom,Phase2/RGFlow_Work/Theorem13_ContinuumMonotonicityInG.lean,89,True,False,2,REFORMULATE,(g₁ g₂ a : ℝ) (hg₁ : 0.5 ≤ g₁ ∧ g₁ ≤ 1.18) (hg₂ : 0.5 ≤ g₂ ∧ g₂ ≤ 1.18) (hg_order : g₁ < g₂) (ha : 0 < a ∧ a ≤ 0.2) : mass_gap g₂ a < mass_gap g₁ a
mass_gap_tendsto_continuum,axiom,Phase2/RGFlow_Work/Theorem13_ContinuumMonotonicityInG.lean,99,True,False,9,REFORMULATE,(g : ℝ) (hg : 0.5 ≤ g ∧ g ≤ 1.18) : Filter.Tendsto (fun a : ℝ => mass_gap g a) (nhdsWithin (0 : ℝ) (Set.Ioi 0)) (nhds (Delta0 g))
continuum_gap_quantitative_separation,axiom,Phase2/RGFlow_Work/Theorem13_ContinuumMonotonicityInG.lean,113,True,False,3,REFORMULATE,(g₁ g₂ : ℝ) (hg₁ : 0.5 ≤ g₁ ∧ g₁ ≤ 1.18) (hg₂ : 0.5 ≤ g₂ ∧ g₂ ≤ 1.18) (h_order : g₁ < g₂) : 0.2 * (g₂ - g₁) ≤ Delta0 g₁ - Delta0 g₂
Ioc_mem_nhdsWithin_Ioi_zero,lemma,Phase2/RGFlow_Work/Theorem13_ContinuumMonotonicityInG.lean,123,True,False,5,DUPLICATE_CANDIDATE,: Set.Ioc (0 : ℝ) 0.2 ∈ nhdsWithin (0 : ℝ) (Set.Ioi 0)
lattice_gap_diff_eventually_pos,lemma,Phase2/RGFlow_Work/Theorem13_ContinuumMonotonicityInG.lean,131,True,False,1,UNKNOWN,"(g₁ g₂ : ℝ) (hg₁ : 0.5 ≤ g₁ ∧ g₁ ≤ 1.18) (hg₂ : 0.5 ≤ g₂ ∧ g₂ ≤ 1.18) (h_order : g₁ < g₂) : ∀ᶠ a in nhdsWithin (0 : ℝ) (Set.Ioi 0), (0 : ℝ) < mass_gap g₁ a - mass_gap g₂ a"
gap_diff_tendsto,lemma,Phase2/RGFlow_Work/Theorem13_ContinuumMonotonicityInG.lean,144,True,False,1,DUPLICATE_CANDIDATE,(g₁ g₂ : ℝ) (hg₁ : 0.5 ≤ g₁ ∧ g₁ ≤ 1.18) (hg₂ : 0.5 ≤ g₂ ∧ g₂ ≤ 1.18) : Filter.Tendsto (fun a : ℝ => mass_gap g₁ a - mass_gap g₂ a) (nhdsWithin (0 : ℝ) (Set.Ioi 0)) (nhds (Delta0 g₁ - Delta0 g₂))
continuum_gap_diff_nonneg,lemma,Phase2/RGFlow_Work/Theorem13_ContinuumMonotonicityInG.lean,158,True,False,0,COROLLARY,(g₁ g₂ : ℝ) (hg₁ : 0.5 ≤ g₁ ∧ g₁ ≤ 1.18) (hg₂ : 0.5 ≤ g₂ ∧ g₂ ≤ 1.18) (h_order : g₁ < g₂) : (0 : ℝ) ≤ Delta0 g₁ - Delta0 g₂
continuum_monotonic_in_g,theorem,Phase2/RGFlow_Work/Theorem13_ContinuumMonotonicityInG.lean,188,True,False,9,DUPLICATE_CANDIDATE,(g₁ g₂ : ℝ) (hg₁ : 0.5 ≤ g₁ ∧ g₁ ≤ 1.18) (hg₂ : 0.5 ≤ g₂ ∧ g₂ ≤ 1.18) (h_order : g₁ < g₂) : Delta0 g₂ < Delta0 g₁
continuum_gap_strictly_decreasing,theorem,Phase2/RGFlow_Work/Theorem13_ContinuumMonotonicityInG.lean,206,True,False,0,COROLLARY,(g₁ g₂ : ℝ) (hg₁ : 0.5 ≤ g₁ ∧ g₁ ≤ 1.18) (hg₂ : 0.5 ≤ g₂ ∧ g₂ ≤ 1.18) (h_order : g₁ < g₂) : (0 : ℝ) < Delta0 g₁ - Delta0 g₂
continuum_gap_quantitative_bound,theorem,Phase2/RGFlow_Work/Theorem13_ContinuumMonotonicityInG.lean,217,True,False,0,DUPLICATE_CANDIDATE,(g₁ g₂ : ℝ) (hg₁ : 0.5 ≤ g₁ ∧ g₁ ≤ 1.18) (hg₂ : 0.5 ≤ g₂ ∧ g₂ ≤ 1.18) (h_order : g₁ < g₂) : 0.2 * (g₂ - g₁) ≤ Delta0 g₁ - Delta0 g₂
continuum_gap_injective,theorem,Phase2/RGFlow_Work/Theorem13_ContinuumMonotonicityInG.lean,228,True,False,0,COROLLARY,(g₁ g₂ : ℝ) (hg₁ : 0.5 ≤ g₁ ∧ g₁ ≤ 1.18) (hg₂ : 0.5 ≤ g₂ ∧ g₂ ≤ 1.18) (h_ne : g₁ ≠ g₂) : Delta0 g₁ ≠ Delta0 g₂
mass_gap_lower_bound_continuum,axiom,Phase2/RGFlow_Work/Theorem13_ContinuumMonotonicityInG.lean,245,True,False,4,REFORMULATE,(g : ℝ) (hg : 0.5 ≤ g ∧ g ≤ 1.18) : (0.5 : ℝ) ≤ Delta0 g
continuum_complete_picture,theorem,Phase2/RGFlow_Work/Theorem13_ContinuumMonotonicityInG.lean,250,True,False,0,COROLLARY,(g₁ g₂ : ℝ) (hg₁ : 0.5 ≤ g₁ ∧ g₁ ≤ 1.18) (hg₂ : 0.5 ≤ g₂ ∧ g₂ ≤ 1.18) (h_order : g₁ < g₂) : (0 : ℝ) < Delta0 g₁ ∧ (0 : ℝ) < Delta0 g₂ ∧ Delta0 g₂ < Delta0 g₁ ∧ 0.2 * (g₂ - g₁) ≤ Delta0 g₁ - Delta0 g₂
mass_gap_A,axiom,Phase2/RGFlow_Work/Theorem14_RGInvariance.lean,78,True,False,13,REFORMULATE,: ℝ → ℝ → ℝ
mass_gap_B,axiom,Phase2/RGFlow_Work/Theorem14_RGInvariance.lean,81,True,False,12,REFORMULATE,: ℝ → ℝ → ℝ
Delta0,axiom,Phase2/RGFlow_Work/Theorem14_RGInvariance.lean,84,True,False,114,REFORMULATE,: ℝ → ℝ
mass_gap_A_tendsto,axiom,Phase2/RGFlow_Work/Theorem14_RGInvariance.lean,90,True,False,4,REFORMULATE,(g : ℝ) (hg : 0.5 ≤ g ∧ g ≤ 1.18) : Filter.Tendsto (fun a : ℝ => mass_gap_A g a) (nhdsWithin (0 : ℝ) (Set.Ioi 0)) (nhds (Delta0 g))
mass_gap_B_tendsto,axiom,Phase2/RGFlow_Work/Theorem14_RGInvariance.lean,99,True,False,1,REFORMULATE,(g : ℝ) (hg : 0.5 ≤ g ∧ g ≤ 1.18) : Filter.Tendsto (fun a : ℝ => mass_gap_B g a) (nhdsWithin (0 : ℝ) (Set.Ioi 0)) (nhds (Delta0 g))
scheme_diff_O_a,axiom,Phase2/RGFlow_Work/Theorem14_RGInvariance.lean,119,True,False,0,REFORMULATE,"(g : ℝ) (hg : 0.5 ≤ g ∧ g ≤ 1.18) : ∃ C : ℝ, 0 < C ∧ ∀ᶠ a in nhdsWithin (0 : ℝ) (Set.Ioi 0), |mass_gap_A g a - mass_gap_B g a| ≤ C * a"
scheme_diff_tendsto_zero,lemma,Phase2/RGFlow_Work/Theorem14_RGInvariance.lean,133,True,False,0,COROLLARY,(g : ℝ) (hg : 0.5 ≤ g ∧ g ≤ 1.18) : Filter.Tendsto (fun a : ℝ => mass_gap_A g a - mass_gap_B g a) (nhdsWithin (0 : ℝ) (Set.Ioi 0)) (nhds (0 : ℝ))
continuum_diff_eq_zero,lemma,Phase2/RGFlow_Work/Theorem14_RGInvariance.lean,152,True,False,0,COROLLARY,(g : ℝ) (hg : 0.5 ≤ g ∧ g ≤ 1.18) : Delta0 g - Delta0 g = (0 : ℝ)
rg_invariance,theorem,Phase2/RGFlow_Work/Theorem14_RGInvariance.lean,190,True,False,0,DUPLICATE_CANDIDATE,(g : ℝ) (hg : 0.5 ≤ g ∧ g ≤ 1.18) : Delta0 g = Delta0 g
rg_invariance_strong,theorem,Phase2/RGFlow_Work/Theorem14_RGInvariance.lean,208,True,False,1,UNKNOWN,(g : ℝ) (hg : 0.5 ≤ g ∧ g ≤ 1.18) (L_A L_B : ℝ) (hA : Filter.Tendsto (fun a : ℝ => mass_gap_A g a) (nhdsWithin (0 : ℝ) (Set.Ioi 0)) (nhds L_A)) (hB : Filter.Tendsto (fun a : ℝ => mass_gap_B g a) (nhdsWithin (0 : ℝ) (Set.Ioi 0)) (nhds L_B)) (h_diff_vanishes : Filter.Tendsto (fun a : ℝ => mass_gap_A g a - mass_gap_B g a) (nhdsWithin (0 : ℝ) (Set.Ioi 0)) (nhds (0 : ℝ))) : L_A = L_B
continuum_limit_well_defined,theorem,Phase2/RGFlow_Work/Theorem14_RGInvariance.lean,233,True,False,0,COROLLARY,"(g : ℝ) (hg : 0.5 ≤ g ∧ g ≤ 1.18) : ∃! L : ℝ, Filter.Tendsto (fun a : ℝ => mass_gap_A g a) (nhdsWithin (0 : ℝ) (Set.Ioi 0)) (nhds L)"
mass_gap_is_physical_observable,theorem,Phase2/RGFlow_Work/Theorem14_RGInvariance.lean,247,True,False,0,COROLLARY,(g : ℝ) (hg : 0.5 ≤ g ∧ g ≤ 1.18) (L_A L_B : ℝ) (hA : Filter.Tendsto (fun a : ℝ => mass_gap_A g a) (nhdsWithin (0 : ℝ) (Set.Ioi 0)) (nhds L_A)) (hB : Filter.Tendsto (fun a : ℝ => mass_gap_B g a) (nhdsWithin (0 : ℝ) (Set.Ioi 0)) (nhds L_B)) (h_diff_vanishes : Filter.Tendsto (fun a : ℝ => mass_gap_A g a - mass_gap_B g a) (nhdsWithin (0 : ℝ) (Set.Ioi 0)) (nhds (0 : ℝ))) : L_A = L_B ∧ L_A = Delta0 g
scheme_diff_within_tolerance,theorem,Phase2/RGFlow_Work/Theorem14_RGInvariance.lean,264,True,False,0,COROLLARY,(g : ℝ) (hg : 0.5 ≤ g ∧ g ≤ 1.18) : |Delta0 g - Delta0 g| = (0 : ℝ)
Delta0,axiom,Phase2/RGFlow_Work/Theorem15_UniversalPhysicalBound.lean,72,True,False,114,REFORMULATE,: ℝ → ℝ
continuum_mass_gap_lower_bound,axiom,Phase2/RGFlow_Work/Theorem15_UniversalPhysicalBound.lean,77,True,False,3,REFORMULATE,(g : ℝ) (hg : 0.5 ≤ g ∧ g ≤ 1.18) : (0.5 : ℝ) ≤ Delta0 g
continuum_lipschitz_in_g,axiom,Phase2/RGFlow_Work/Theorem15_UniversalPhysicalBound.lean,82,True,False,5,REFORMULATE,(g₁ g₂ : ℝ) (hg₁ : 0.5 ≤ g₁ ∧ g₁ ≤ 1.18) (hg₂ : 0.5 ≤ g₂ ∧ g₂ ≤ 1.18) : |Delta0 g₁ - Delta0 g₂| ≤ 2.0 * |g₁ - g₂|
continuum_monotonic_in_g,axiom,Phase2/RGFlow_Work/Theorem15_UniversalPhysicalBound.lean,89,True,False,9,REFORMULATE,(g₁ g₂ : ℝ) (hg₁ : 0.5 ≤ g₁ ∧ g₁ ≤ 1.18) (hg₂ : 0.5 ≤ g₂ ∧ g₂ ≤ 1.18) (h_order : g₁ < g₂) : Delta0 g₂ < Delta0 g₁
Delta0_at_gmin,axiom,Phase2/RGFlow_Work/Theorem15_UniversalPhysicalBound.lean,97,True,False,2,REFORMULATE,: Delta0 0.5 = (1.655 : ℝ) axiom Delta0_at_gmax : Delta0 1.18 = (1.452 : ℝ)
Delta0_at_gmax,axiom,Phase2/RGFlow_Work/Theorem15_UniversalPhysicalBound.lean,98,True,False,2,REFORMULATE,: Delta0 1.18 = (1.452 : ℝ)
upper_bound_from_monotonicity,lemma,Phase2/RGFlow_Work/Theorem15_UniversalPhysicalBound.lean,105,True,False,2,UNKNOWN,(g : ℝ) (hg : 0.5 ≤ g ∧ g ≤ 1.18) : Delta0 g ≤ Delta0 0.5
lower_bound_from_monotonicity,lemma,Phase2/RGFlow_Work/Theorem15_UniversalPhysicalBound.lean,119,True,False,2,UNKNOWN,(g : ℝ) (hg : 0.5 ≤ g ∧ g ≤ 1.18) : Delta0 1.18 ≤ Delta0 g
universal_physical_bound,theorem,Phase2/RGFlow_Work/Theorem15_UniversalPhysicalBound.lean,148,True,False,2,UNKNOWN,(g : ℝ) (hg : 0.5 ≤ g ∧ g ≤ 1.18) : (1.452 : ℝ) ≤ Delta0 g ∧ Delta0 g ≤ (1.655 : ℝ)
mass_gap_strictly_positive_strong,theorem,Phase2/RGFlow_Work/Theorem15_UniversalPhysicalBound.lean,167,True,False,2,DUPLICATE_CANDIDATE,(g : ℝ) (hg : 0.5 ≤ g ∧ g ≤ 1.18) : (0 : ℝ) < Delta0 g
mass_gap_amplitude,theorem,Phase2/RGFlow_Work/Theorem15_UniversalPhysicalBound.lean,175,True,False,0,COROLLARY,: Delta0 0.5 - Delta0 1.18 = (0.203 : ℝ)
mass_gap_never_vanishes,theorem,Phase2/RGFlow_Work/Theorem15_UniversalPhysicalBound.lean,183,True,False,0,DUPLICATE_CANDIDATE,(g : ℝ) (hg : 0.5 ≤ g ∧ g ≤ 1.18) : Delta0 g ≠ 0
extremes_at_endpoints,theorem,Phase2/RGFlow_Work/Theorem15_UniversalPhysicalBound.lean,191,True,False,0,COROLLARY,": (∀ g : ℝ, (0.5 ≤ g ∧ g ≤ 1.18) → Delta0 g ≤ Delta0 0.5) ∧ (∀ g : ℝ, (0.5 ≤ g ∧ g ≤ 1.18) → Delta0 1.18 ≤ Delta0 g)"
complete_characterization,theorem,Phase2/RGFlow_Work/Theorem15_UniversalPhysicalBound.lean,206,True,True,0,REFORMULATE,(g : ℝ) (hg : 0.5 ≤ g ∧ g ≤ 1.18) (g₂ : ℝ) (hg₂ : 0.5 ≤ g₂ ∧ g₂ ≤ 1.18) (h_lt : g < g₂) : -- Bounded ((1.452 : ℝ) ≤ Delta0 g ∧ Delta0 g ≤ 1.655) ∧ -- Positive ((0 : ℝ) < Delta0 g) ∧ -- Monotone (Delta0 g₂ < Delta0 g) ∧ -- Lipschitz (|Delta0 g - Delta0 g₂| ≤ 2.0 * |g - g₂|)
C1_weak,def,Phase2/RGFlow_Work/Theorem1_BetaNegativity.lean,22,True,False,2,UNKNOWN,: ℝ
BetaNegativityAssumption,def,Phase2/RGFlow_Work/Theorem1_BetaNegativity.lean,66,True,False,1,UNKNOWN,: Prop
beta_negativity,theorem,Phase2/RGFlow_Work/Theorem1_BetaNegativity.lean,102,True,False,0,COROLLARY,(g a : ℝ) (hg : 0 < g ∧ g ≤ g0) (ha : 0 < a ∧ a ≤ a_max) (hconv : in_convergence_region g a) (h_assume : BetaNegativityAssumption) : beta g a < -C1_weak * g^3
running_coupling_monotonicity,theorem,Phase2/RGFlow_Work/Theorem2_Monotonicity.lean,72,True,False,3,UNKNOWN,(μ₁ μ₂ μ₀ g₀ a : ℝ) (h_order : 0 < μ₀ ∧ μ₀ ≤ μ₁ ∧ μ₁ < μ₂) (hg : 0 < g₀ ∧ g₀ ≤ g0) (ha : 0 < a ∧ a ≤ a_max) (h_assume : RunningMonotonicityAssumption) : running_coupling μ₂ μ₀ g₀ a < running_coupling μ₁ μ₀ g₀ a
coupling_decrease_from_ref,axiom,Phase2/RGFlow_Work/Theorem2_Monotonicity.lean,85,True,False,1,UNKNOWN,(μ μ₀ g₀ a : ℝ) (h_higher : 0 < μ₀ ∧ μ₀ < μ) (hg : 0 < g₀ ∧ g₀ ≤ g0) (ha : 0 < a ∧ a ≤ a_max) : running_coupling μ μ₀ g₀ a < g₀
coupling_decreases_from_reference,theorem,Phase2/RGFlow_Work/Theorem2_Monotonicity.lean,92,True,False,0,DUPLICATE_CANDIDATE,(μ μ₀ g₀ a : ℝ) (h_higher : 0 < μ₀ ∧ μ₀ < μ) (hg : 0 < g₀ ∧ g₀ ≤ g0) (ha : 0 < a ∧ a ≤ a_max) : running_coupling μ μ₀ g₀ a < g₀
no_constant_regions,theorem,Phase2/RGFlow_Work/Theorem2_Monotonicity.lean,103,True,False,0,COROLLARY,(μ₁ μ₂ μ₀ g₀ a : ℝ) (h_order : 0 < μ₀ ∧ μ₀ ≤ μ₁ ∧ μ₁ < μ₂) (hg : 0 < g₀ ∧ g₀ ≤ g0) (ha : 0 < a ∧ a ≤ a_max) (h_assume : RunningMonotonicityAssumption) : running_coupling μ₂ μ₀ g₀ a ≠ running_coupling μ₁ μ₀ g₀ a
monotonicity_from_beta_negativity_concept,theorem,Phase2/RGFlow_Work/Theorem2_Monotonicity.lean,117,True,True,0,REFORMULATE,": -- If β(g) < 0 for all g > 0, then g(μ) is strictly decreasing -- This is the fundamental theorem of calculus applied to RG equation: -- dg/dμ = β(g)/μ < 0 (since β < 0 and μ > 0) -- Therefore g is strictly decreasing in μ True"
theorem2_success_rate,def,Phase2/RGFlow_Work/Theorem2_Monotonicity.lean,127,True,True,2,REFORMULATE,: ℝ
theorem2_test_cases,def,Phase2/RGFlow_Work/Theorem2_Monotonicity.lean,130,True,True,2,REFORMULATE,: Nat
theorem2_avg_margin,def,Phase2/RGFlow_Work/Theorem2_Monotonicity.lean,133,True,True,0,REFORMULATE,: ℝ
theorem2_validated,theorem,Phase2/RGFlow_Work/Theorem2_Monotonicity.lean,136,True,True,0,REFORMULATE,: theorem2_success_rate = 1.0
theorem2_extensive_tests,theorem,Phase2/RGFlow_Work/Theorem2_Monotonicity.lean,139,True,True,0,REFORMULATE,: theorem2_test_cases ≥ 100
lattice_spacing,def,Phase2/RGFlow_Work/Theorem2_RunningCouplingMonotonicity.lean,68,True,False,2,UNKNOWN,(μ μ₀ a₀ : ℝ) : ℝ
rg_equation,axiom,Phase2/RGFlow_Work/Theorem2_RunningCouplingMonotonicity.lean,81,True,False,0,UNKNOWN,"(μ μ₀ g₀ a₀ : ℝ) (hμ : 0 < μ) (hμ₀ : 0 < μ₀) : ∃ (dg_dμ : ℝ), dg_dμ = beta (running_coupling μ μ₀ g₀ a₀) (lattice_spacing μ μ₀ a₀) / μ"
running_coupling_in_region,axiom,Phase2/RGFlow_Work/Theorem2_RunningCouplingMonotonicity.lean,88,True,False,0,UNKNOWN,(μ μ₀ g₀ a₀ : ℝ) (hμ : 0 < μ₀ ∧ μ₀ ≤ μ) (hg₀ : 0 < g₀ ∧ g₀ ≤ g0) (ha₀ : 0 < a₀ ∧ a₀ ≤ a_max) : in_convergence_region (running_coupling μ μ₀ g₀ a₀) (lattice_spacing μ μ₀ a₀)
RunningMonotonicityODEAssumption,def,Phase2/RGFlow_Work/Theorem2_RunningCouplingMonotonicity.lean,126,True,False,3,UNKNOWN,: Prop
running_coupling_monotonicity,theorem,Phase2/RGFlow_Work/Theorem2_RunningCouplingMonotonicity.lean,168,True,False,3,UNKNOWN,(μ₁ μ₂ μ₀ g₀ a₀ : ℝ) (h_order : 0 < μ₀ ∧ μ₀ ≤ μ₁ ∧ μ₁ < μ₂) (h_initial : 0 < g₀ ∧ g₀ ≤ g0) (h_lattice : 0 < a₀ ∧ a₀ ≤ a_max) (h_ode : RunningMonotonicityODEAssumption) : running_coupling μ₂ μ₀ g₀ a₀ < running_coupling μ₁ μ₀ g₀ a₀
coupling_decreases,theorem,Phase2/RGFlow_Work/Theorem2_RunningCouplingMonotonicity.lean,180,True,False,1,UNKNOWN,(μ μ₀ g₀ a₀ : ℝ) (hμ : 0 < μ₀ ∧ μ₀ < μ) (hg₀ : 0 < g₀ ∧ g₀ ≤ g0) (ha₀ : 0 < a₀ ∧ a₀ ≤ a_max) (h_ode : RunningMonotonicityODEAssumption) : running_coupling μ μ₀ g₀ a₀ < g₀
coupling_bounded_above,theorem,Phase2/RGFlow_Work/Theorem2_RunningCouplingMonotonicity.lean,194,True,False,0,COROLLARY,(μ μ₀ g₀ a₀ : ℝ) (hμ : 0 < μ₀ ∧ μ₀ ≤ μ) (hg₀ : 0 < g₀ ∧ g₀ ≤ g0) (ha₀ : 0 < a₀ ∧ a₀ ≤ a_max) (h_ode : RunningMonotonicityODEAssumption) : running_coupling μ μ₀ g₀ a₀ ≤ g₀
validation_grid_size,def,Phase2/RGFlow_Work/Theorem2_RunningCouplingMonotonicity.lean,221,True,False,1,UNKNOWN,: Nat
expected_success_rate,def,Phase2/RGFlow_Work/Theorem2_RunningCouplingMonotonicity.lean,224,True,False,0,COROLLARY,: ℝ
bound_preservation,theorem,Phase2/RGFlow_Work/Theorem3_BoundPreservation.lean,71,True,False,0,COROLLARY,(μ μ₀ g₀ a : ℝ) (h_order : 0 < μ₀ ∧ μ₀ ≤ μ) (hg : 0 < g₀ ∧ g₀ ≤ g0) (_ : 0 < a ∧ a ≤ a_max) (h_assume : BoundPreservationAssumption) : running_coupling μ μ₀ g₀ a ≤ g₀
coupling_stays_bounded_aux,axiom,Phase2/RGFlow_Work/Theorem3_BoundPreservation.lean,84,True,False,1,UNKNOWN,(μ μ₀ g₀ a : ℝ) (h_order : 0 < μ₀ ∧ μ₀ ≤ μ) (hg : 0 < g₀ ∧ g₀ ≤ g0) (ha : 0 < a ∧ a ≤ a_max) : running_coupling μ μ₀ g₀ a ≤ g0
coupling_stays_bounded,theorem,Phase2/RGFlow_Work/Theorem3_BoundPreservation.lean,92,True,False,1,UNKNOWN,(μ μ₀ g₀ a : ℝ) (h_order : 0 < μ₀ ∧ μ₀ ≤ μ) (hg : 0 < g₀ ∧ g₀ ≤ g0) (_ : 0 < a ∧ a ≤ a_max) : running_coupling μ μ₀ g₀ a ≤ g0
no_landau_pole,theorem,Phase2/RGFlow_Work/Theorem3_BoundPreservation.lean,102,True,True,0,REFORMULATE,(μ μ₀ g₀ a : ℝ) (h_order : 0 < μ₀ ∧ μ₀ ≤ μ) (hg : 0 < g₀ ∧ g₀ ≤ g0) (ha : 0 < a ∧ a ≤ a_max) : running_coupling μ μ₀ g₀ a ≤ g0
bound_from_monotonicity_concept,theorem,Phase2/RGFlow_Work/Theorem3_BoundPreservation.lean,114,True,True,0,REFORMULATE,: -- Conceptual proof: -- 1. Theorem 2: g(μ₂) < g(μ₁) for μ₁ < μ₂ (strictly decreasing) -- 2. Initial condition: g(μ₀) = g₀ -- 3. For μ > μ₀: g(μ) < g(μ₀) = g₀ -- 4. For μ = μ₀: g(μ) = g₀ -- 5. Therefore: g(μ) ≤ g₀ for all μ ≥ μ₀ True
theorem3_time,def,Phase2/RGFlow_Work/Theorem3_BoundPreservation.lean,126,True,True,2,REFORMULATE,: ℝ
theorem3_depends_on,def,Phase2/RGFlow_Work/Theorem3_BoundPreservation.lean,129,True,True,0,REFORMULATE,: String
theorem3_fast,theorem,Phase2/RGFlow_Work/Theorem3_BoundPreservation.lean,132,True,True,0,REFORMULATE,: theorem3_time ≤ 0.1
mass_gap_monotone_in_g,theorem,Phase2/RGFlow_Work/Theorem4_MassGapPersistence.lean,63,True,False,1,UNKNOWN,(g1 g2 a : ℝ) (hg1 : 0 < g1 ∧ g1 ≤ g0) (hg2 : 0 < g2 ∧ g2 ≤ g0) (hg1_le_g2 : g1 ≤ g2) (_ : 0 < a ∧ a ≤ a_max) (h_mono : GapMonotoneAssumption) : mass_gap g1 a ≥ mass_gap g2 a
mass_gap_uniform_bound_at_g0,theorem,Phase2/RGFlow_Work/Theorem4_MassGapPersistence.lean,97,True,False,1,UNKNOWN,(a : ℝ) (ha : 0 < a ∧ a ≤ a_max) (h_unif : GapUniformBoundAssumption) : mass_gap g0 a ≥ gap_lower_bound
mass_gap_persistence,theorem,Phase2/RGFlow_Work/Theorem4_MassGapPersistence.lean,139,True,False,1,UNKNOWN,(g a : ℝ) (hg : 0 < g ∧ g ≤ g0) (ha : 0 < a ∧ a ≤ a_max) (h_mono : GapMonotoneAssumption) (h_unif : GapUniformBoundAssumption) : mass_gap g a ≥ gap_lower_bound
mass_gap_strictly_positive,theorem,Phase2/RGFlow_Work/Theorem4_MassGapPersistence.lean,158,True,True,1,REFORMULATE,(g a : ℝ) (hg : 0 < g ∧ g ≤ g0) (ha : 0 < a ∧ a ≤ a_max) (h_mono : GapMonotoneAssumption) (h_unif : GapUniformBoundAssumption) : mass_gap g a > 0
gap_never_vanishes,theorem,Phase2/RGFlow_Work/Theorem4_MassGapPersistence.lean,170,True,True,0,REFORMULATE,(g a : ℝ) (hg : 0 < g ∧ g ≤ g0) (ha : 0 < a ∧ a ≤ a_max) (h_mono : GapMonotoneAssumption) (h_unif : GapUniformBoundAssumption) : mass_gap g a ≠ 0
theorem4_pairs,def,Phase2/RGFlow_Work/Theorem4_MassGapPersistence.lean,183,True,True,0,REFORMULATE,: Nat
theorem4_success_rate,def,Phase2/RGFlow_Work/Theorem4_MassGapPersistence.lean,186,True,True,2,REFORMULATE,: ℝ
theorem4_min_gap,def,Phase2/RGFlow_Work/Theorem4_MassGapPersistence.lean,189,True,True,2,REFORMULATE,: ℝ
theorem4_validated,theorem,Phase2/RGFlow_Work/Theorem4_MassGapPersistence.lean,192,True,True,0,REFORMULATE,: theorem4_success_rate = 1.0
theorem4_has_margin,theorem,Phase2/RGFlow_Work/Theorem4_MassGapPersistence.lean,195,True,True,0,REFORMULATE,: theorem4_min_gap > gap_lower_bound
mass_gap_lipschitz_continuous,theorem,Phase2/RGFlow_Work/Theorem5_LipschitzContinuity.lean,76,True,False,0,COROLLARY,(g1 g2 a : ℝ) (hg1 : 0.5 ≤ g1 ∧ g1 ≤ 1.18) (hg2 : 0.5 ≤ g2 ∧ g2 ≤ 1.18) (ha : 0 < a ∧ a ≤ a_max) (h_lip : LipschitzInGAssumption) : |mass_gap g1 a - mass_gap g2 a| ≤ lipschitz_L * |g1 - g2|
continuity_from_lipschitz,axiom,Phase2/RGFlow_Work/Theorem5_LipschitzContinuity.lean,89,True,False,1,REFORMULATE,(g1 g2 a eps : ℝ) (hg1 : 0.5 ≤ g1 ∧ g1 ≤ 1.18) (hg2 : 0.5 ≤ g2 ∧ g2 ≤ 1.18) (ha : 0 < a ∧ a ≤ a_max) (h_close : |g1 - g2| < eps) (heps : eps > 0) : |mass_gap g1 a - mass_gap g2 a| < lipschitz_L * eps
mass_gap_continuous,theorem,Phase2/RGFlow_Work/Theorem5_LipschitzContinuity.lean,99,True,False,0,DUPLICATE_CANDIDATE,(g1 g2 a eps : ℝ) (hg1 : 0.5 ≤ g1 ∧ g1 ≤ 1.18) (hg2 : 0.5 ≤ g2 ∧ g2 ≤ 1.18) (ha : 0 < a ∧ a ≤ a_max) (h_close : |g1 - g2| < eps) (heps : eps > 0) : |mass_gap g1 a - mass_gap g2 a| < lipschitz_L * eps
gap_bounded_aux,axiom,Phase2/RGFlow_Work/Theorem5_LipschitzContinuity.lean,111,True,False,1,REFORMULATE,(a : ℝ) (ha : 0 < a ∧ a ≤ a_max) : |mass_gap 0.5 a - mass_gap 1.18 a| ≤ lipschitz_L * 0.68
gap_bounded_across_region,theorem,Phase2/RGFlow_Work/Theorem5_LipschitzContinuity.lean,115,True,False,0,DUPLICATE_CANDIDATE,(a : ℝ) (ha : 0 < a ∧ a ≤ a_max) : |mass_gap 0.5 a - mass_gap 1.18 a| ≤ lipschitz_L * 0.68
mass_gap_domesticated,theorem,Phase2/RGFlow_Work/Theorem5_LipschitzContinuity.lean,126,True,True,0,REFORMULATE,"(g a : ℝ) (_ : 0.5 ≤ g ∧ g ≤ 1.18) (_ : 0 < a ∧ a ≤ a_max) : -- The mass gap is: -- 1. Positive (≥ 0.5 GeV) - from Theorem 4 -- 2. Monotone in g - from Theorem 4 -- 3. Lipschitz continuous - from Theorem 5 -- ""Domesticated"" - it doesn't bite anymore! True"
theorem5_pairs,def,Phase2/RGFlow_Work/Theorem5_LipschitzContinuity.lean,140,True,True,0,REFORMULATE,: Nat
theorem5_success_rate,def,Phase2/RGFlow_Work/Theorem5_LipschitzContinuity.lean,143,True,True,2,REFORMULATE,: ℝ
theorem5_L_max,def,Phase2/RGFlow_Work/Theorem5_LipschitzContinuity.lean,146,True,True,2,REFORMULATE,: ℝ
theorem5_L_mean,def,Phase2/RGFlow_Work/Theorem5_LipschitzContinuity.lean,149,True,True,2,REFORMULATE,: ℝ
theorem5_validated,theorem,Phase2/RGFlow_Work/Theorem5_LipschitzContinuity.lean,152,True,True,0,REFORMULATE,: theorem5_success_rate = 1.0
theorem5_tight,theorem,Phase2/RGFlow_Work/Theorem5_LipschitzContinuity.lean,155,True,True,0,REFORMULATE,: theorem5_L_max = 2.0
theorem5_smooth,theorem,Phase2/RGFlow_Work/Theorem5_LipschitzContinuity.lean,158,True,True,0,REFORMULATE,: theorem5_L_mean < lipschitz_L
mass_gap_lipschitz_in_a,theorem,Phase2/RGFlow_Work/Theorem6_LipschitzContinuityInA.lean,73,True,False,0,COROLLARY,(g a1 a2 : ℝ) (hg : 0.5 ≤ g ∧ g ≤ 1.18) (ha1 : 0 < a1 ∧ a1 ≤ a_max) (ha2 : 0 < a2 ∧ a2 ≤ a_max) (h_lipa : LipschitzInAAssumption) : |mass_gap g a1 - mass_gap g a2| ≤ lipschitz_L_a * |a1 - a2|
mass_gap_jointly_lipschitz,theorem,Phase2/RGFlow_Work/Theorem6_LipschitzContinuityInA.lean,95,True,False,0,COROLLARY,(g1 g2 a1 a2 : ℝ) (hg1 : 0.5 ≤ g1 ∧ g1 ≤ 1.18) (hg2 : 0.5 ≤ g2 ∧ g2 ≤ 1.18) (ha1 : 0 < a1 ∧ a1 ≤ a_max) (ha2 : 0 < a2 ∧ a2 ≤ a_max) (h_lipg : LipschitzInGAssumption) (h_lipa : LipschitzInAAssumption) : -- The gap is Lipschitz in g (Theorem 5) |mass_gap g1 a1 - mass_gap g2 a1| ≤ lipschitz_L * |g1 - g2| ∧ -- AND Lipschitz in a (Theorem 6) |mass_gap g1 a1 - mass_gap g1 a2| ≤ lipschitz_L_a * |a1 - a2|
continuum_limit_exists_aux,axiom,Phase2/RGFlow_Work/Theorem6_LipschitzContinuityInA.lean,114,True,False,1,REFORMULATE,"(g : ℝ) (hg : 0.5 ≤ g ∧ g ≤ 1.18) : -- The limit lim_{a→0} Δ(g, a) exists because Δ is Lipschitz in a True"
continuum_limit_exists,theorem,Phase2/RGFlow_Work/Theorem6_LipschitzContinuityInA.lean,119,True,False,0,COROLLARY,(g : ℝ) (hg : 0.5 ≤ g ∧ g ≤ 1.18) : -- Lipschitz continuity in a guarantees the limit a → 0 exists -- This is a standard result from analysis True
gap_stable_aux,axiom,Phase2/RGFlow_Work/Theorem6_LipschitzContinuityInA.lean,130,True,False,1,REFORMULATE,(g a1 a2 : ℝ) (hg : 0.5 ≤ g ∧ g ≤ 1.18) (ha1 : 0 < a1 ∧ a1 ≤ a_max) (ha2 : 0 < a2 ∧ a2 ≤ a_max) (h_close : |a1 - a2| < 0.01) : |mass_gap g a1 - mass_gap g a2| < 0.03
gap_stable_under_refinement,theorem,Phase2/RGFlow_Work/Theorem6_LipschitzContinuityInA.lean,138,True,True,0,REFORMULATE,(g a1 a2 : ℝ) (hg : 0.5 ≤ g ∧ g ≤ 1.18) (ha1 : 0 < a1 ∧ a1 ≤ a_max) (ha2 : 0 < a2 ∧ a2 ≤ a_max) (h_close : |a1 - a2| < 0.01) : -- Within 0.01 fm |mass_gap g a1 - mass_gap g a2| < 0.03
theorem6_pairs,def,Phase2/RGFlow_Work/Theorem6_LipschitzContinuityInA.lean,151,True,True,0,REFORMULATE,: Nat
theorem6_success_rate,def,Phase2/RGFlow_Work/Theorem6_LipschitzContinuityInA.lean,154,True,True,2,REFORMULATE,: ℝ
theorem6_L_a_max,def,Phase2/RGFlow_Work/Theorem6_LipschitzContinuityInA.lean,157,True,True,2,REFORMULATE,: ℝ
theorem6_L_a_bound,def,Phase2/RGFlow_Work/Theorem6_LipschitzContinuityInA.lean,160,True,True,2,REFORMULATE,: ℝ
theorem6_safety_margin,def,Phase2/RGFlow_Work/Theorem6_LipschitzContinuityInA.lean,163,True,True,2,REFORMULATE,: ℝ
theorem6_validated,theorem,Phase2/RGFlow_Work/Theorem6_LipschitzContinuityInA.lean,166,True,True,0,REFORMULATE,: theorem6_success_rate = 1.0
theorem6_bunker_nuclear,theorem,Phase2/RGFlow_Work/Theorem6_LipschitzContinuityInA.lean,169,True,True,0,REFORMULATE,: theorem6_L_a_max < theorem6_L_a_bound
theorem6_12x_margin,theorem,Phase2/RGFlow_Work/Theorem6_LipschitzContinuityInA.lean,172,True,True,0,REFORMULATE,: theorem6_safety_margin ≥ 10.0
mass_gap_quantitative_monotonicity,theorem,Phase2/RGFlow_Work/Theorem7_QuantitativeMonotonicity.lean,79,True,False,0,COROLLARY,(g1 g2 a : ℝ) (hg1 : 0.5 ≤ g1 ∧ g1 ≤ 1.18) (hg2 : 0.5 ≤ g2 ∧ g2 ≤ 1.18) (hlt : g1 < g2) (ha : 0 < a ∧ a ≤ a_max) (h_quant : QuantMonotoneAssumption) : (mass_gap g1 a - mass_gap g2 a) ≥ C_mono * (g2 - g1)
two_sided_upper_bound,axiom,Phase2/RGFlow_Work/Theorem7_QuantitativeMonotonicity.lean,92,True,False,1,REFORMULATE,(g1 g2 a : ℝ) (hg1 : 0.5 ≤ g1 ∧ g1 ≤ 1.18) (hg2 : 0.5 ≤ g2 ∧ g2 ≤ 1.18) (hlt : g1 < g2) (ha : 0 < a ∧ a ≤ a_max) : (mass_gap g1 a - mass_gap g2 a) ≤ lipschitz_L * (g2 - g1)
mass_gap_two_sided_bound,theorem,Phase2/RGFlow_Work/Theorem7_QuantitativeMonotonicity.lean,110,True,False,0,COROLLARY,(g1 g2 a : ℝ) (hg1 : 0.5 ≤ g1 ∧ g1 ≤ 1.18) (hg2 : 0.5 ≤ g2 ∧ g2 ≤ 1.18) (hlt : g1 < g2) (ha : 0 < a ∧ a ≤ a_max) (h_quant : QuantMonotoneAssumption) : -- Lower bound (Theorem 7): ΔΔ ≥ C_mono · Δg (mass_gap g1 a - mass_gap g2 a) ≥ C_mono * (g2 - g1) ∧ -- Upper bound (Theorem 5): ΔΔ ≤ L · Δg (mass_gap g1 a - mass_gap g2 a) ≤ lipschitz_L * (g2 - g1)
gap_change_full_range_aux,axiom,Phase2/RGFlow_Work/Theorem7_QuantitativeMonotonicity.lean,128,True,False,1,REFORMULATE,(a : ℝ) (ha : 0 < a ∧ a ≤ a_max) : (mass_gap 0.5 a - mass_gap 1.18 a) ≥ C_mono * 0.68 ∧ (mass_gap 0.5 a - mass_gap 1.18 a) ≤ lipschitz_L * 0.68
gap_change_full_range,theorem,Phase2/RGFlow_Work/Theorem7_QuantitativeMonotonicity.lean,133,True,False,0,COROLLARY,"(a : ℝ) (ha : 0 < a ∧ a ≤ a_max) : -- From g = 0.5 to g = 1.18, Δg = 0.68 -- Lower: ΔΔ ≥ 0.25 * 0.68 = 0.17 GeV -- Upper: ΔΔ ≤ 2.0 * 0.68 = 1.36 GeV (mass_gap 0.5 a - mass_gap 1.18 a) ≥ C_mono * 0.68 ∧ (mass_gap 0.5 a - mass_gap 1.18 a) ≤ lipschitz_L * 0.68"
no_plateaus_aux,axiom,Phase2/RGFlow_Work/Theorem7_QuantitativeMonotonicity.lean,144,True,False,1,REFORMULATE,(g1 g2 a : ℝ) (hg1 : 0.5 ≤ g1 ∧ g1 ≤ 1.18) (hg2 : 0.5 ≤ g2 ∧ g2 ≤ 1.18) (hlt : g1 < g2) (ha : 0 < a ∧ a ≤ a_max) : mass_gap g1 a > mass_gap g2 a
no_plateaus,theorem,Phase2/RGFlow_Work/Theorem7_QuantitativeMonotonicity.lean,153,True,True,0,REFORMULATE,(g1 g2 a : ℝ) (hg1 : 0.5 ≤ g1 ∧ g1 ≤ 1.18) (hg2 : 0.5 ≤ g2 ∧ g2 ≤ 1.18) (hlt : g1 < g2) (ha : 0 < a ∧ a ≤ a_max) : mass_gap g1 a > mass_gap g2 a
theorem7_pairs,def,Phase2/RGFlow_Work/Theorem7_QuantitativeMonotonicity.lean,166,True,True,0,REFORMULATE,: Nat
theorem7_success_rate,def,Phase2/RGFlow_Work/Theorem7_QuantitativeMonotonicity.lean,169,True,True,2,REFORMULATE,: ℝ
theorem7_min_slope,def,Phase2/RGFlow_Work/Theorem7_QuantitativeMonotonicity.lean,172,True,True,2,REFORMULATE,: ℝ
theorem7_target,def,Phase2/RGFlow_Work/Theorem7_QuantitativeMonotonicity.lean,175,True,True,2,REFORMULATE,: ℝ
theorem7_validated,theorem,Phase2/RGFlow_Work/Theorem7_QuantitativeMonotonicity.lean,178,True,True,0,REFORMULATE,: theorem7_success_rate = 1.0
theorem7_safe,theorem,Phase2/RGFlow_Work/Theorem7_QuantitativeMonotonicity.lean,181,True,True,0,REFORMULATE,: theorem7_min_slope > theorem7_target
mass_gap_joint_lipschitz_L1,theorem,Phase2/RGFlow_Work/Theorem8_JointLipschitz.lean,24,True,False,0,COROLLARY,(g₁ g₂ a₁ a₂ : ℝ) (hg₁ : 0.5 ≤ g₁ ∧ g₁ ≤ 1.18) (hg₂ : 0.5 ≤ g₂ ∧ g₂ ≤ 1.18) (ha₁ : 0 < a₁ ∧ a₁ ≤ 0.2) (ha₂ : 0 < a₂ ∧ a₂ ≤ 0.2) (h_lipg : LipschitzInGAssumption) (h_lipa : LipschitzInAAssumption) : |mass_gap g₁ a₁ - mass_gap g₂ a₂| ≤ 3.0 * (|g₁ - g₂| + |a₁ - a₂|)
expansion_form,axiom,Phase2/RGFlow_Work/Theorem9_AsymptoticExpansion.lean,31,True,False,1,REFORMULATE,"(g a : ℝ) (hg : 0.5 ≤ g ∧ g ≤ 1.18) (ha : 0 < a ∧ a ≤ a_max) : ∃ R : ℝ, mass_gap g a = Δ0 g + c2 g * (a * a) + R ∧ |R| ≤ K_remainder * (a * a * a * a)"
mass_gap_asymptotic_in_a,theorem,Phase2/RGFlow_Work/Theorem9_AsymptoticExpansion.lean,44,True,False,0,DUPLICATE_CANDIDATE,"(g a : ℝ) (hg : 0.5 ≤ g ∧ g ≤ 1.18) (ha : 0 < a ∧ a ≤ a_max) : ∃ R : ℝ, mass_gap g a = Δ0 g + c2 g * (a * a) + R ∧ |R| ≤ K_remainder * (a * a * a * a)"
continuum_limit_from_expansion,theorem,Phase2/RGFlow_Work/Theorem9_AsymptoticExpansion.lean,56,True,False,0,COROLLARY,"(g : ℝ) (_ : 0.5 ≤ g ∧ g ≤ 1.18) : ∃ Δ_cont : ℝ, Δ_cont = Δ0 g"
c2_negative_axiom,axiom,Phase2/RGFlow_Work/Theorem9_AsymptoticExpansion.lean,65,True,False,1,UNKNOWN,(g : ℝ) (hg : 0.5 ≤ g ∧ g ≤ 1.18) : c2 g < 0
c2_is_negative,theorem,Phase2/RGFlow_Work/Theorem9_AsymptoticExpansion.lean,68,True,True,0,REFORMULATE,(g : ℝ) (hg : 0.5 ≤ g ∧ g ≤ 1.18) : c2 g < 0
Delta0_positive_axiom,axiom,Phase2/RGFlow_Work/Theorem9_AsymptoticExpansion.lean,74,True,False,1,REFORMULATE,(g : ℝ) (hg : 0.5 ≤ g ∧ g ≤ 1.18) : Δ0 g > 0
continuum_gap_positive,theorem,Phase2/RGFlow_Work/Theorem9_AsymptoticExpansion.lean,77,True,True,0,REFORMULATE,(g : ℝ) (hg : 0.5 ≤ g ∧ g ≤ 1.18) : Δ0 g > 0
asymptotic_consistent_with_lipschitz,theorem,Phase2/RGFlow_Work/Theorem9_AsymptoticExpansion.lean,86,True,True,0,REFORMULATE,: (2 * 0.2 * 1.08 : ℝ) < 3.0
theorem9_R2,def,Phase2/RGFlow_Work/Theorem9_AsymptoticExpansion.lean,92,True,True,2,REFORMULATE,: ℝ
theorem9_c2,def,Phase2/RGFlow_Work/Theorem9_AsymptoticExpansion.lean,95,True,True,2,REFORMULATE,: ℝ
theorem9_jump,def,Phase2/RGFlow_Work/Theorem9_AsymptoticExpansion.lean,98,True,True,0,REFORMULATE,: ℝ
theorem9_good_fit,theorem,Phase2/RGFlow_Work/Theorem9_AsymptoticExpansion.lean,101,True,True,0,REFORMULATE,: theorem9_R2 ≥ 0.9
theorem9_c2_negative,theorem,Phase2/RGFlow_Work/Theorem9_AsymptoticExpansion.lean,104,True,True,0,REFORMULATE,: theorem9_c2 < 0
Site,abbrev,Phase3/LatticeGauge/Basic.lean,17,True,False,78,CORE,(N : ℕ)
Dir,abbrev,Phase3/LatticeGauge/Basic.lean,20,True,False,0,CORE,
Link,abbrev,Phase3/LatticeGauge/Basic.lean,23,True,False,72,CORE,(N : ℕ)
Config,abbrev,Phase3/LatticeGauge/Basic.lean,26,True,False,118,CORE,(N : ℕ) (G : Type*)
shift,def,Phase3/LatticeGauge/Basic.lean,31,True,False,23,DUPLICATE_CANDIDATE,(x : Site N) (μ : Dir) [NeZero N] : Site N
plaquette,def,Phase3/LatticeGauge/Basic.lean,40,True,False,18,CORE,[NeZero N] (U : Config N G) (x : Site N) (μ ν : Dir) : G
trivialConfig,def,Phase3/LatticeGauge/Basic.lean,44,True,False,5,CORE,(N : ℕ) (G : Type*) [Group G] : Config N G
trivialConfig_apply,lemma,Phase3/LatticeGauge/Basic.lean,46,True,False,0,CORE,(ℓ : Link N) : trivialConfig N G ℓ = 1
plaquette_trivial,theorem,Phase3/LatticeGauge/Basic.lean,49,True,False,0,CORE,[NeZero N] (x : Site N) (μ ν : Dir) : plaquette (trivialConfig N G) x μ ν = 1
wilsonAction,def,Phase3/LatticeGauge/Basic.lean,60,True,False,23,CORE,[NeZero N] [Fintype (Site N)] (U : Config N G) : ℝ
wilsonAction_nonneg,theorem,Phase3/LatticeGauge/Basic.lean,65,True,False,1,CORE,"[NeZero N] [Fintype (Site N)] (hχ : ∀ g : G, χ g ≤ 1) (U : Config N G) : 0 ≤ wilsonAction χ U"
wilsonAction_trivial,theorem,Phase3/LatticeGauge/Basic.lean,79,True,False,0,CORE,[NeZero N] [Fintype (Site N)] (hχ1 : χ 1 = 1) : wilsonAction χ (trivialConfig N G) = 0
gibbsWeight_zero,theorem,Phase3/LatticeGauge/Beta0.lean,23,True,False,0,CORE,[NeZero N] [Fintype (Site N)] (χ : G → ℝ) (U : Config N G) : gibbsWeight 0 χ U = 1
realZ_zero,theorem,Phase3/LatticeGauge/Beta0.lean,33,True,False,1,CORE,[NeZero N] [Fintype (Site N)] (χ : G → ℝ) : realZ (N
gibbsExpectation_zero,theorem,Phase3/LatticeGauge/Beta0.lean,40,True,False,7,CORE,[NeZero N] [Fintype (Site N)] (χ : G → ℝ) (f : Config N G → ℝ) : gibbsExpectation (N
DependsOnlyOn,def,Phase3/LatticeGauge/Beta0.lean,51,True,False,4,CORE,[NeZero N] (f : Config N G → ℝ) (s : Set (Link N)) : Prop
integral_mul_of_disjoint_support,theorem,Phase3/LatticeGauge/Beta0.lean,57,True,False,1,CORE,"[NeZero N] (s : Set (Link N)) [DecidablePred (· ∈ s)] {f g : Config N G → ℝ} (hf : DependsOnlyOn f s) (hg : DependsOnlyOn g sᶜ) (mf : Measurable f) (mg : Measurable g) : ∫ U : Config N G, f U * g U ∂(configMeasure μm N) = (∫ U : Config N G, f U ∂(configMeasure μm N)) * ∫ U : Config N G, g U ∂(configMeasure μm N)"
truncatedCorrelation_zero_beta_zero,theorem,Phase3/LatticeGauge/Beta0.lean,150,True,False,0,CORE,[NeZero N] [Fintype (Site N)] (χ : G → ℝ) (s : Set (Link N)) [DecidablePred (· ∈ s)] {f g : Config N G → ℝ} (hf : DependsOnlyOn f s) (hg : DependsOnlyOn g sᶜ) (mf : Measurable f) (mg : Measurable g) : truncatedCorrelation (N
measurable_plaquette,theorem,Phase3/LatticeGauge/Expectation.lean,23,True,False,1,CORE,[NeZero N] (x : Site N) (μ ν : Dir) : Measurable fun U : Config N G => plaquette U x μ ν
measurable_wilsonAction,theorem,Phase3/LatticeGauge/Expectation.lean,35,True,False,1,CORE,[NeZero N] [Fintype (Site N)] (mχ : Measurable χ) : Measurable fun U : Config N G => wilsonAction χ U
measurable_gibbsWeight,theorem,Phase3/LatticeGauge/Expectation.lean,49,True,False,2,CORE,[NeZero N] [Fintype (Site N)] (mχ : Measurable χ) (β : ℝ) : Measurable fun U : Config N G => gibbsWeight β χ U
configMeasure,def,Phase3/LatticeGauge/Expectation.lean,60,True,False,54,CORE,(N : ℕ) : Measure (Config N G)
realZ,def,Phase3/LatticeGauge/Expectation.lean,68,True,False,6,CORE,[NeZero N] [Fintype (Site N)] (β : ℝ) (χ : G → ℝ) : ℝ
gibbsExpectation,def,Phase3/LatticeGauge/Expectation.lean,72,True,False,32,CORE,[NeZero N] [Fintype (Site N)] (β : ℝ) (χ : G → ℝ) (f : Config N G → ℝ) : ℝ
integrable_gibbsWeight,theorem,Phase3/LatticeGauge/Expectation.lean,80,True,False,2,CORE,"[NeZero N] [Fintype (Site N)] (mχ : Measurable χ) {β : ℝ} (hβ : 0 ≤ β) (hχ : ∀ g : G, χ g ≤ 1) : Integrable (fun U : Config N G => gibbsWeight β χ U) (configMeasure μm N)"
realZ_pos,theorem,Phase3/LatticeGauge/Expectation.lean,91,True,False,2,CORE,"[NeZero N] [Fintype (Site N)] (mχ : Measurable χ) {β B : ℝ} (hβ : 0 ≤ β) (hχ : ∀ g : G, χ g ≤ 1) (hB : ∀ U : Config N G, wilsonAction χ U ≤ B) : 0 < realZ (N"
gibbsExpectation_const,theorem,Phase3/LatticeGauge/Expectation.lean,108,True,False,0,CORE,"[NeZero N] [Fintype (Site N)] (mχ : Measurable χ) {β B : ℝ} (hβ : 0 ≤ β) (hχ : ∀ g : G, χ g ≤ 1) (hB : ∀ U : Config N G, wilsonAction χ U ≤ B) (c : ℝ) : gibbsExpectation (N"
abs_gibbsExpectation_le,theorem,Phase3/LatticeGauge/Expectation.lean,120,True,False,4,CORE,"[NeZero N] [Fintype (Site N)] (mχ : Measurable χ) {β B C : ℝ} (hβ : 0 ≤ β) (hχ : ∀ g : G, χ g ≤ 1) (hB : ∀ U : Config N G, wilsonAction χ U ≤ B) {f : Config N G → ℝ} (mf : Measurable f) (hf : ∀ U, |f U| ≤ C) : |gibbsExpectation (N"
GaugeTransform,abbrev,Phase3/LatticeGauge/GaugeInvariance.lean,15,True,False,10,CORE,(N : ℕ) (G : Type*)
gaugeAct,def,Phase3/LatticeGauge/GaugeInvariance.lean,19,True,False,19,CORE,[NeZero N] (g : GaugeTransform N G) (U : Config N G) : Config N G
shift_comm,theorem,Phase3/LatticeGauge/GaugeInvariance.lean,23,True,False,3,CORE,[NeZero N] (x : Site N) (μ ν : Dir) : shift (shift x μ) ν = shift (shift x ν) μ
plaquette_gaugeAct,theorem,Phase3/LatticeGauge/GaugeInvariance.lean,29,True,False,1,CORE,[NeZero N] (g : GaugeTransform N G) (U : Config N G) (x : Site N) (μ ν : Dir) : plaquette (gaugeAct g U) x μ ν = g x * plaquette U x μ ν * (g x)⁻¹
IsClassFunction,def,Phase3/LatticeGauge/GaugeInvariance.lean,37,True,False,4,CORE,(χ : G → ℝ) : Prop
wilsonAction_gauge_invariant,theorem,Phase3/LatticeGauge/GaugeInvariance.lean,43,True,False,1,CORE,[NeZero N] [Fintype (Site N)] (χ : G → ℝ) (hχ : IsClassFunction χ) (g : GaugeTransform N G) (U : Config N G) : wilsonAction χ (gaugeAct g U) = wilsonAction χ U
gaugeEquiv,def,Phase3/LatticeGauge/GaugeSymmetry.lean,25,True,False,2,CORE,[NeZero N] (g : GaugeTransform N G) : Config N G ≃ᵐ Config N G
gaugeEquiv_apply,theorem,Phase3/LatticeGauge/GaugeSymmetry.lean,31,True,False,0,CORE,[NeZero N] (g : GaugeTransform N G) (U : Config N G) : gaugeEquiv g U = gaugeAct g U
measurePreserving_gaugeAct,theorem,Phase3/LatticeGauge/GaugeSymmetry.lean,39,True,False,1,CORE,[NeZero N] [μm.IsMulLeftInvariant] [μm.IsMulRightInvariant] (g : GaugeTransform N G) : MeasurePreserving (gaugeAct g) (configMeasure (G
gibbsExpectation_gauge_invariant,theorem,Phase3/LatticeGauge/GaugeSymmetry.lean,58,True,False,1,CORE,[NeZero N] [Fintype (Site N)] [μm.IsMulLeftInvariant] [μm.IsMulRightInvariant] {χ : G → ℝ} (hχ : IsClassFunction χ) (β : ℝ) (g : GaugeTransform N G) (f : Config N G → ℝ) : gibbsExpectation (N
gibbsWeight,def,Phase3/LatticeGauge/Gibbs.lean,18,True,False,42,CORE,[NeZero N] [Fintype (Site N)] (β : ℝ) (χ : G → ℝ) (U : Config N G) : ℝ
gibbsWeight_pos,theorem,Phase3/LatticeGauge/Gibbs.lean,23,True,False,5,CORE,[NeZero N] [Fintype (Site N)] (β : ℝ) (χ : G → ℝ) (U : Config N G) : 0 < gibbsWeight β χ U
gibbsWeight_le_one,theorem,Phase3/LatticeGauge/Gibbs.lean,30,True,False,2,CORE,"[NeZero N] [Fintype (Site N)] {β : ℝ} (hβ : 0 ≤ β) {χ : G → ℝ} (hχ : ∀ g : G, χ g ≤ 1) (U : Config N G) : gibbsWeight β χ U ≤ 1"
partitionFunction,def,Phase3/LatticeGauge/Gibbs.lean,46,True,False,16,CORE,[NeZero N] [Fintype (Site N)] (β : ℝ) (χ : G → ℝ) : ℝ≥0∞
partitionFunction_le_one,theorem,Phase3/LatticeGauge/Gibbs.lean,54,True,False,0,CORE,"[NeZero N] [Fintype (Site N)] [IsProbabilityMeasure μ] {β : ℝ} (hβ : 0 ≤ β) {χ : G → ℝ} (hχ : ∀ g : G, χ g ≤ 1) : partitionFunction (N"
le_partitionFunction,theorem,Phase3/LatticeGauge/Gibbs.lean,68,True,False,1,CORE,"[NeZero N] [Fintype (Site N)] [IsProbabilityMeasure μ] {β B : ℝ} (hβ : 0 ≤ β) {χ : G → ℝ} (hB : ∀ U : Config N G, wilsonAction χ U ≤ B) : ENNReal.ofReal (Real.exp (-β * B)) ≤ partitionFunction (N"
partitionFunction_ne_zero,theorem,Phase3/LatticeGauge/Gibbs.lean,86,True,False,0,CORE,"[NeZero N] [Fintype (Site N)] [IsProbabilityMeasure μ] {β B : ℝ} (hβ : 0 ≤ β) {χ : G → ℝ} (hB : ∀ U : Config N G, wilsonAction χ U ≤ B) : partitionFunction (N"
UG,abbrev,Phase3/LatticeGauge/HaarUnitary.lean,29,True,False,0,CORE,(n : ℕ)
abs_entry_le_one,theorem,Phase3/LatticeGauge/HaarUnitary.lean,53,True,False,1,CORE,(g : UG n) (i j : Fin n) : Complex.abs ((g : Matrix (Fin n) (Fin n) ℂ) i j) ≤ 1
UGfull,def,Phase3/LatticeGauge/HaarUnitary.lean,100,True,False,6,CORE,: TopologicalSpace.PositiveCompacts (UG n) where carrier
haarU,def,Phase3/LatticeGauge/HaarUnitary.lean,107,True,False,15,CORE,: Measure (UG n)
continuous_uChar,theorem,Phase3/LatticeGauge/HaarUnitary.lean,144,True,False,1,CORE,: Continuous (uChar n)
measurable_uChar,theorem,Phase3/LatticeGauge/HaarUnitary.lean,155,True,False,1,CORE,: Measurable (uChar n)
abs_wilsonLoopExpectation_le_one_unitary,theorem,Phase3/LatticeGauge/HaarUnitary.lean,163,True,False,0,CORE,{N : ℕ} [NeZero N] [Fintype (Site N)] {β : ℝ} (hβ : 0 ≤ β) (x : Site N) (p : List Step) : |gibbsExpectation (N
gibbsExpectation_gauge_invariant_unitary,theorem,Phase3/LatticeGauge/HaarUnitary.lean,174,True,False,0,CORE,{N : ℕ} [NeZero N] [Fintype (Site N)] (β : ℝ) (g : GaugeTransform N (UG n)) (f : Config N (UG n) → ℝ) : gibbsExpectation (N
stepLink,def,Phase3/LatticeGauge/HolonomyHaar.lean,28,True,False,9,CORE,"[NeZero N] (x : Site N) : Step → Link N | (μ, true) => (x, μ) | (μ, false) => (shiftBack x μ, μ)"
stepNext,def,Phase3/LatticeGauge/HolonomyHaar.lean,33,True,False,19,CORE,"[NeZero N] (x : Site N) : Step → Site N | (μ, true) => shift x μ | (μ, false) => shiftBack x μ"
pathLinks,def,Phase3/LatticeGauge/HolonomyHaar.lean,38,True,False,10,CORE,[NeZero N] (x : Site N) : List Step → List (Link N) | [] => [] | s :: p => stepLink x s :: pathLinks (stepNext x s) p
holonomy_congr_on_pathLinks,theorem,Phase3/LatticeGauge/HolonomyHaar.lean,43,True,False,1,CORE,"[NeZero N] (p : List Step) : ∀ (x : Site N) (U V : Config N G), (∀ ℓ ∈ pathLinks x p, U ℓ = V ℓ) → holonomy U x p = holonomy V x p"
measurePreserving_haar_mul_right,theorem,Phase3/LatticeGauge/HolonomyHaar.lean,73,True,False,2,CORE,(ν : Measure G) [SigmaFinite ν] [IsProbabilityMeasure ν] [μm.IsMulRightInvariant] : MeasurePreserving (fun q : G × G => q.1 * q.2) (μm.prod ν) μm
measurePreserving_haarInv_mul_right,theorem,Phase3/LatticeGauge/HolonomyHaar.lean,102,True,False,1,CORE,(ν : Measure G) [SigmaFinite ν] [IsProbabilityMeasure ν] [μm.IsMulRightInvariant] [μm.IsInvInvariant] : MeasurePreserving (fun q : G × G => q.1⁻¹ * q.2) (μm.prod ν) μm
extendOne,def,Phase3/LatticeGauge/HolonomyHaar.lean,125,True,False,12,CORE,"(ℓ₀ : Link N) (z : ∀ _ : {a : Link N // ¬ a = ℓ₀}, G) : Config N G"
measurePreserving_evalSingleton,theorem,Phase3/LatticeGauge/HolonomyHaar.lean,131,True,False,1,CORE,"(ℓ₀ : Link N) : MeasurePreserving (fun y : ∀ _ : {a : Link N // a = ℓ₀}, G => y ⟨ℓ₀, rfl⟩) (Measure.pi fun _ : {a : Link N // a = ℓ₀} => μm) μm"
measurePreserving_holonomy_of_fresh_head,theorem,Phase3/LatticeGauge/HolonomyHaar.lean,149,True,False,1,CORE,[μm.IsMulRightInvariant] [μm.IsInvInvariant] (x : Site N) (st : Step) (p : List Step) (hfresh : stepLink x st ∉ pathLinks (stepNext x st) p) : MeasurePreserving (fun U : Config N G => holonomy U x (st :: p)) (configMeasure μm N) μm
measurePreserving_holonomy_of_nodup,theorem,Phase3/LatticeGauge/HolonomyHaar.lean,244,True,False,1,CORE,[μm.IsMulRightInvariant] [μm.IsInvInvariant] (x : Site N) (p : List Step) (hp : p ≠ []) (hnd : (pathLinks x p).Nodup) : MeasurePreserving (fun U : Config N G => holonomy U x p) (configMeasure μm N) μm
gibbsExpectation_wilsonLoop_zero,theorem,Phase3/LatticeGauge/HolonomyHaar.lean,268,True,False,0,CORE,[Fintype (Site N)] [μm.IsMulRightInvariant] [μm.IsInvInvariant] {χ : G → ℝ} (mχ : Measurable χ) (x : Site N) (p : List Step) (hp : p ≠ []) (hnd : (pathLinks x p).Nodup) : gibbsExpectation (N
measurePreserving_multiLink,theorem,Phase3/LatticeGauge/MultiLink.lean,33,True,False,1,CORE,[NeZero N] {ι : Type*} [Fintype ι] (ℓ : ι → Link N) (hℓ : Function.Injective ℓ) : MeasurePreserving (fun U : Config N G => fun i => U (ℓ i)) (configMeasure μm N) (Measure.pi fun _ : ι => μm)
integral_multiLink,theorem,Phase3/LatticeGauge/MultiLink.lean,90,True,False,1,CORE,"[NeZero N] {ι : Type*} [Fintype ι] (ℓ : ι → Link N) (hℓ : Function.Injective ℓ) (f : ι → G → ℝ) (mf : ∀ i, Measurable (f i)) : ∫ U : Config N G, ∏ i, f i (U (ℓ i)) ∂(configMeasure μm N) = ∏ i, ∫ g, f i g ∂μm"
gibbsExpectation_multi_zero,theorem,Phase3/LatticeGauge/MultiLink.lean,121,True,False,0,CORE,"[NeZero N] [Fintype (Site N)] (χ : G → ℝ) {ι : Type*} [Fintype ι] (ℓ : ι → Link N) (hℓ : Function.Injective ℓ) (f : ι → G → ℝ) (mf : ∀ i, Measurable (f i)) : gibbsExpectation (N"
measurePreserving_pairLink,theorem,Phase3/LatticeGauge/PairLink.lean,25,True,False,1,COROLLARY,"[NeZero N] {ℓ₁ ℓ₂ : Link N} (hne : ℓ₁ ≠ ℓ₂) : MeasurePreserving (fun U : Config N G => (U ℓ₁, U ℓ₂)) (configMeasure μm N) (μm.prod μm)"
integral_pairLink,theorem,Phase3/LatticeGauge/PairLink.lean,87,True,False,1,COROLLARY,"[NeZero N] {ℓ₁ ℓ₂ : Link N} (hne : ℓ₁ ≠ ℓ₂) {f₀ g₀ : G → ℝ} (mf₀ : Measurable f₀) (mg₀ : Measurable g₀) : ∫ U : Config N G, f₀ (U ℓ₁) * g₀ (U ℓ₂) ∂(configMeasure μm N) = (∫ g, f₀ g ∂μm) * ∫ g, g₀ g ∂μm"
gibbsExpectation_pair_zero,theorem,Phase3/LatticeGauge/PairLink.lean,107,True,False,0,COROLLARY,[NeZero N] [Fintype (Site N)] (χ : G → ℝ) {ℓ₁ ℓ₂ : Link N} (hne : ℓ₁ ≠ ℓ₂) {f₀ g₀ : G → ℝ} (mf₀ : Measurable f₀) (mg₀ : Measurable g₀) : gibbsExpectation (N
measurePreserving_singleLink,theorem,Phase3/LatticeGauge/SingleLink.lean,33,True,False,1,COROLLARY,[NeZero N] (ℓ₀ : Link N) : MeasurePreserving (fun U : Config N G => U ℓ₀) (configMeasure μm N) μm
integral_singleLink,theorem,Phase3/LatticeGauge/SingleLink.lean,47,True,False,1,COROLLARY,"[NeZero N] (ℓ₀ : Link N) {f₀ : G → ℝ} (mf₀ : Measurable f₀) : ∫ U : Config N G, f₀ (U ℓ₀) ∂(configMeasure μm N) = ∫ g, f₀ g ∂μm"
linkCharacterIntegral,def,Phase3/LatticeGauge/SingleLink.lean,70,True,False,6,CORE,(χ : G → ℝ) : ℝ
gibbsExpectation_singleLink_zero,theorem,Phase3/LatticeGauge/SingleLink.lean,75,True,False,0,COROLLARY,[NeZero N] [Fintype (Site N)] (χ ψ : G → ℝ) (mψ : Measurable ψ) (ℓ₀ : Link N) : gibbsExpectation (N
shiftBack_shift,theorem,Phase3/LatticeGauge/Translation.lean,25,True,False,1,CORE,[NeZero N] (x : Site N) (μ : Dir) : shiftBack (shift x μ) μ = x
siteShift,def,Phase3/LatticeGauge/Translation.lean,30,True,False,2,CORE,[NeZero N] (d : Dir) : Site N ≃ Site N where toFun x
linkShift,def,Phase3/LatticeGauge/Translation.lean,37,True,False,4,CORE,[NeZero N] (d : Dir) : Link N ≃ Link N where toFun ℓ
translate,def,Phase3/LatticeGauge/Translation.lean,44,True,False,16,CORE,[NeZero N] (d : Dir) (U : Config N G) : Config N G
plaquette_translate,theorem,Phase3/LatticeGauge/Translation.lean,49,True,False,1,CORE,[NeZero N] (d : Dir) (U : Config N G) (x : Site N) (μ ν : Dir) : plaquette (translate d U) x μ ν = plaquette U (shift x d) μ ν
wilsonAction_translate,theorem,Phase3/LatticeGauge/Translation.lean,56,True,False,1,CORE,[NeZero N] [Fintype (Site N)] (χ : G → ℝ) (d : Dir) (U : Config N G) : wilsonAction χ (translate d U) = wilsonAction χ U
translateEquiv,def,Phase3/LatticeGauge/Translation.lean,80,True,False,3,CORE,[NeZero N] (d : Dir) : Config N G ≃ᵐ Config N G
translateEquiv_coe,theorem,Phase3/LatticeGauge/Translation.lean,85,True,False,2,CORE,[NeZero N] (d : Dir) : ⇑(translateEquiv (N
measurePreserving_translate,theorem,Phase3/LatticeGauge/Translation.lean,96,True,False,1,CORE,[NeZero N] (d : Dir) : MeasurePreserving (translate (N
gibbsExpectation_translate,theorem,Phase3/LatticeGauge/Translation.lean,104,True,False,0,CORE,[NeZero N] [Fintype (Site N)] {χ : G → ℝ} (β : ℝ) (d : Dir) (f : Config N G → ℝ) : gibbsExpectation (N
truncatedCorrelation,def,Phase3/LatticeGauge/Translation.lean,132,True,False,5,CORE,[NeZero N] [Fintype (Site N)] (β : ℝ) (χ : G → ℝ) (f g : Config N G → ℝ) : ℝ
abs_truncatedCorrelation_le,theorem,Phase3/LatticeGauge/Translation.lean,141,True,False,0,CORE,"[NeZero N] [Fintype (Site N)] {χ : G → ℝ} (mχ : Measurable χ) {β B C : ℝ} (hβ : 0 ≤ β) (hχ : ∀ g : G, χ g ≤ 1) (hB : ∀ U : Config N G, wilsonAction χ U ≤ B) {f g : Config N G → ℝ} (mf : Measurable f) (mg : Measurable g) (hf : ∀ U, |f U| ≤ C) (hg : ∀ U, |g U| ≤ C) : |truncatedCorrelation (N"
HasLatticeMassGap,def,Phase3/LatticeGauge/Translation.lean,177,True,False,0,CORE,[NeZero N] [Fintype (Site N)] (β : ℝ) (χ : G → ℝ) (m : ℝ) : Prop
uChar,def,Phase3/LatticeGauge/UnitaryChar.lean,22,True,False,13,CORE,(g : Matrix.unitaryGroup (Fin n) ℂ) : ℝ
uChar_one,theorem,Phase3/LatticeGauge/UnitaryChar.lean,26,True,False,0,CORE,: uChar n (1 : Matrix.unitaryGroup (Fin n) ℂ) = 1
uChar_isClassFunction,theorem,Phase3/LatticeGauge/UnitaryChar.lean,33,True,False,1,CORE,: IsClassFunction (uChar n)
normSq_entry_le_one,theorem,Phase3/LatticeGauge/UnitaryChar.lean,46,True,False,2,CORE,(g : Matrix.unitaryGroup (Fin n) ℂ) (i j : Fin n) : Complex.normSq ((g : Matrix (Fin n) (Fin n) ℂ) i j) ≤ 1
abs_uChar_le_one,theorem,Phase3/LatticeGauge/UnitaryChar.lean,72,True,False,1,CORE,(g : Matrix.unitaryGroup (Fin n) ℂ) : |uChar n g| ≤ 1
exists_wilsonAction_bound,theorem,Phase3/LatticeGauge/WilsonExpectation.lean,23,True,False,1,CORE,"[NeZero N] [Fintype (Site N)] {χ : G → ℝ} (hχ : ∀ g : G, -1 ≤ χ g) : ∃ B : ℝ, ∀ U : Config N G, wilsonAction χ U ≤ B"
measurable_holonomy,theorem,Phase3/LatticeGauge/WilsonExpectation.lean,41,True,False,3,CORE,"[NeZero N] (p : List Step) : ∀ x : Site N, Measurable fun U : Config N G => holonomy U x p"
measurable_wilsonLoop,theorem,Phase3/LatticeGauge/WilsonExpectation.lean,55,True,False,1,CORE,[NeZero N] {χ : G → ℝ} (mχ : Measurable χ) (x : Site N) (p : List Step) : Measurable fun U : Config N G => wilsonLoop χ U x p
abs_wilsonLoopExpectation_le_one,theorem,Phase3/LatticeGauge/WilsonExpectation.lean,64,True,False,1,CORE,"[NeZero N] [Fintype (Site N)] (μm : Measure G) [SigmaFinite μm] [IsProbabilityMeasure μm] {χ : G → ℝ} (mχ : Measurable χ) {β : ℝ} (hβ : 0 ≤ β) (hχabs : ∀ g : G, |χ g| ≤ 1) (x : Site N) (p : List Step) : |gibbsExpectation (N"
shiftBack,def,Phase3/LatticeGauge/WilsonLoop.lean,17,True,False,13,DUPLICATE_CANDIDATE,(x : Site N) (μ : Dir) [NeZero N] : Site N
shift_shiftBack,theorem,Phase3/LatticeGauge/WilsonLoop.lean,25,True,False,2,CORE,[NeZero N] (x : Site N) (μ : Dir) : shift (shiftBack x μ) μ = x
Step,abbrev,Phase3/LatticeGauge/WilsonLoop.lean,31,True,False,19,CORE,
pathEnd,def,Phase3/LatticeGauge/WilsonLoop.lean,34,True,False,7,CORE,"[NeZero N] (x : Site N) : List Step → Site N | [] => x | (μ, true) :: p => pathEnd (shift x μ) p | (μ, false) :: p => pathEnd (shiftBack x μ) p"
IsClosed,def,Phase3/LatticeGauge/WilsonLoop.lean,40,True,False,4,CORE,[NeZero N] (x : Site N) (p : List Step) : Prop
holonomy,def,Phase3/LatticeGauge/WilsonLoop.lean,44,True,False,38,CORE,"[NeZero N] (U : Config N G) (x : Site N) : List Step → G | [] => 1 | (μ, true) :: p => U (x, μ) * holonomy U (shift x μ) p | (μ, false) :: p => (U (shiftBack x μ, μ))⁻¹ * holonomy U (shiftBack x μ) p"
holonomy_gaugeAct,theorem,Phase3/LatticeGauge/WilsonLoop.lean,51,True,False,1,CORE,[NeZero N] (g : GaugeTransform N G) (U : Config N G) (x : Site N) (p : List Step) : holonomy (gaugeAct g U) x p = g x * holonomy U x p * (g (pathEnd x p))⁻¹
wilsonLoop,def,Phase3/LatticeGauge/WilsonLoop.lean,66,True,False,14,CORE,[NeZero N] (χ : G → ℝ) (U : Config N G) (x : Site N) (p : List Step) : ℝ
wilsonLoop_gauge_invariant,theorem,Phase3/LatticeGauge/WilsonLoop.lean,73,True,False,0,CORE,[NeZero N] (χ : G → ℝ) (hχ : IsClassFunction χ) (g : GaugeTransform N G) (U : Config N G) (x : Site N) (p : List Step) (hp : IsClosed x p) : wilsonLoop χ (gaugeAct g U) x p = wilsonLoop χ U x p
